,titles,keys,cluster_num
7914,LOGO Littles by Lori Goldstein Twin Set Peplum Knit Top with Tank,"['care', 'content']",1
19022,LOGO Layers by Lori Goldstein Knit Top with Asymmetric Hem,"['care', 'fabrication', 'content']",1
15370,LOGO by Lori Goldstein Slub Knit Top w/ Pockets and Asymmetric Hem,"['care', 'fabrication', 'content']",1
12885,LOGO by Lori Goldstein Solid Tank with Embroidered Mesh Hi-Low Hem,"['care', 'fabrication']",1
12066,LOGO by Lori Goldstein Stripe Cardigan with Scalloped Lace Trim,"['care', 'fabrication']",1
269,LOGO by Lori Goldstein Slub Knit Vest with Embroidery and Chiffon Hem,"['care', 'fabrication']",1
16555,LOGO by Lori Goldstein Slub Knit Tank with Pockets and Seam Detail,"['care', 'content']",1
9761,LOGO by Lori Goldstein Sweater Knit Cardigan with Crochet Hem,"['care', 'fabrication']",1
2909,LOGO by Lori Goldstein Printed Top with Contrast Stripe Detail,"['care', 'content']",1
8847,'As Is' LOGO by Lori Goldstein Twin Set Novelty Knit Top with Tank,['care'],1
2309,LOGO Layers by Lori Goldstein Short Sleeve Scoop Neck Top with Curved Hem,"['care', 'content']",1
4324,LOGO by Lori Goldstein Cotton Slub Top w/ Embroidered Appliques,"['care', 'fabrication', 'content']",1
10784,Mercedes-Benz GLC Coupe Prices & Deals - Montana,"['transmissions_available', 'drive_wheels', 'seating']",2
10240,Mercedes-Benz Metris Prices & Deals - Mississippi,"['transmissions_available', 'engines_available', 'seating', 'drive_wheels']",2
2798,Mercedes-Benz C-Class Prices & Deals - Maine,"['transmissions_available', 'drive_wheels', 'seating']",2
7567,Mercedes-Benz GLE Coupe Prices & Deals - Ohio,"['transmissions_available', 'drive_wheels', 'seating']",2
5094,Mercedes-Benz E-Class Prices & Deals - Georgia,"['transmissions_available', 'drive_wheels', 'seating']",2
8792,Mercedes-Benz GLC Prices & Deals - Connecticut,"['transmissions_available', 'drive_wheels', 'seating']",2
1113,Mercedes-Benz AMG GT Prices & Deals - Nevada,"['transmissions_available', 'drive_wheels', 'seating']",2
761,Mercedes-Benz GLE Prices & Deals - West Virginia,"['transmissions_available', 'drive_wheels', 'seating']",2
12863,Mercedes-Benz GLE Coupe Prices & Deals - Texas,"['transmissions_available', 'drive_wheels', 'seating']",2
8164,Mercedes-Benz CLA Prices & Deals - Virginia,"['drive_wheels', 'seating']",2
5129,Mercedes-Benz C-Class Prices & Deals - Utah,"['transmissions_available', 'drive_wheels', 'seating']",2
14393,Mercedes-Benz E-Class Prices & Deals - New Mexico,"['transmissions_available', 'drive_wheels', 'seating']",2
18635,Mercedes-Benz G-Class Prices & Deals - Massachusetts,"['transmissions_available', 'drive_wheels', 'seating']",2
18750,RB5277,"['temple_length', 'shape']",3
16551,RB4278,"['temple_length', 'shape']",3
12849,RB2180F,"['temple_length', 'shape']",3
3729,RB4213,"['temple_length', 'shape']",3
16673,RB8902,"['temple_length', 'shape']",3
17356,RB7104D,"['temple_length', 'shape']",3
4153,RB7037,"['temple_length', 'overall', 'comfort', 'shape']",3
2995,RB6286,"['temple_length', 'shape']",3
11114,RB6262,"['temple_length', 'shape']",3
7501,RB7054F,"['temple_length', 'shape']",3
5039,RB5169,"['temple_length', 'overall', 'comfort', 'fit', 'shape']",3
5629,RB1037,['shape'],3
1853,RB4257F,"['temple_length', 'shape']",3
9051,RB8726D,"['temple_length', 'shape']",3
15913,RB4250,"['temple_length', 'overall', 'comfort', 'fit', 'shape']",3
14551,RB8411,"['temple_length', 'overall', 'shape']",3
17084,RB5268,"['temple_length', 'overall', 'comfort', 'fit', 'shape']",3
16543,Guild F2512E 12String Acoustic Electric Guitar Natural with Bag,"['number_of_frets', 'fingerboard_material', 'neck_material', 'bridge']",4
678,"Ibanez GIO Series GRX20Z Electric Guitar, Black With Accessory Bundle","['number_of_frets', 'number_of_strings', 'dexterity']",4
2073,Artcore AF75TDG Hollowbody Electric Guitar Level 3 Vintage Sunburst 190839022813,"['special_features', 'body_finish', 'orientation', 'number_of_strings', 'accessories', 'number_of_frets', 'neck_finish', 'case', 'truss_rod', 'neck_wood', 'fret_size', 'color']",4
17634,Ibanez AS73G Artcore Semi-Hollow Electric Guitar Mint Blue,"['truss_rod', 'neck_wood', 'number_of_frets', 'neck_finish']",4
16500,Yamaha APX500IIIVS Acoustic-Electric Guitar,"['fingerboard', 'neck', 'top']",4
828,Repacked Schecter Stiletto Stealth-5 5 String Left Hand Bass Guitar - Satin Black,['neck_material'],4
5122,Fret King Black Label Ventura Electric Guitar with Gig Bag Laguna Blue,['fingerboard'],4
4598,"Vox SDC22 Double-Cutaway, Black Solidbody Electric Guitar",['color'],4
13405,Chord 174.334UK Cal63 Electric Guitar Arctic Gloss Right-handed,"['body', 'nut_width', 'fingerboard', 'neck']",4
9753,Fender Vibro-King Custom 20th Anniversary Guitar Combo - Brown Edition,"['wattage', 'color']",4
2413,ESP LTD EC-1000 6-String Electric Guitar Koa Limited Edition,"['body', 'hardware', 'fingerboard']",4
4566,User Reviews for Ernie Ball 2215 Skinny Top Heavy Bottom Electric Guitar Strings (10-52),"['overall', 'value', 'features']",4
7478,Taylor 200 Series 210e Deluxe Dreadnought Acoustic-electric Guitar Natural,['platform'],4
9174,Takamine G360S G Series Dreadnought Acoustic Guitar,"['fingerboard', 'top']",4
6819,Vintage 1960s Harmony H77 Redburst USA Original Hollow Body 335 Electric Guitar,"['fingerboard', 'colour']",4
14648,PRS SE Custom 24 Electric Guitar in Scarlet Red w/ Deluxe Gig Bag,"['neck_wood', 'number_of_frets']",4
4067,Takamine Acoustic Guitar GD93 NAT Dreadnought/SOLID SPRUCE TOP,['warranty_type'],4
6560,Gibson ES-335 Hollow Body Electric Guitar - Cherry,"['series', 'colour']",4
13298,Taylor 712ce 12-fret Rosewood Electro Acoustic Guitar,"['number_of_strings', 'weight']",4
18011,"Fender American VG Stratocaster Electric Guitar, Maple Neck, Black (SP)",['number_of_strings'],4
13042,Washburn Martin Acoustic Electric Guitar Grover Made In USA D28 US D12cen D-12ce N 1987 Natural Maple Rosewood Back Taylor 714 Case,"['year', 'categories', 'product_specscondition']",4
4022,ES-175 Premium Hollowbody Electric Guitar,"['nut_width', 'hardware']",4
8997,GJ72CE-12 G Series Jumbo Cutaway 12-String Acoustic-Electric Guitar,"['neck_material', 'neck_finish', 'number_of_frets']",4
16619,"2017 New High quality Three pickup rickenbacker 325 electric guitar,Give the signature,Real photos,free shipping Hot Sale!!!",['unit_type'],4
11263,"Fender American Elite Telecaster Thinline, Maple Fingerboard, Natural Electric Guitar",['body_finish'],4
17035,New Arrival black 4003 4 strings Electric Bass Korea hardware high quality bass guitars free shipping (accept custom all kinds of color),"['color', 'quantity']",4
9551,Dean 6 String Exhibition Koa Acoustic/Electric Guitar w/ Aphex – Gloss Natural,"['finish', 'fingerboard']",4
12737,Guild Gad Series F-130 Natural Orchestra Acoustic Guitar + Case,"['dexterity', 'platform']",4
8521,GRETSCH G2420T Streamliner Hollow Body Electric Guitars w/ Bigsby,"['body_finish', 'neck_finish']",4
5558,FG820 Dreadnought Spruce/Mahogany Acoustic Guitar,"['body_finish', 'colour', 'fingerboard_material', 'neck_material']",4
12886,Ibanez AM53 SRF Electric Hollowbody Guitar,"['series', 'colour']",4
9986,Fender American Elite Telecaster Thinline Maple Fingerboard Electric Guitar Natural 0114312721,"['truss_rod', 'neck_wood', 'body_finish', 'orientation', 'fret_size', 'number_of_strings', 'number_of_frets', 'neck_finish', 'case']",4
8095,"Fender Japan FSR Jaguar Special Electric Guitar, 3-Tone Sunburst","['fingerboard', 'hardware', 'case_included']",4
3812,D-42 Peter Frampton Dreadnought Acoustic Guitar,"['fingerboard_material', 'neck_shape', 'back_material', 'binding', 'neck_material', 'construction']",4
3387,"Hand Spinner, Bekhic Pro Metal Fidget Tri-Spinner Toys Stress Reducer Ceramic Bearing - Perfect For ADD, ADHD, Anxiety, and Autism Adult Children … (Golden)",['manufacturer_recommended_age'],5
8184,"Premium Quality Fidget Spinner Toy By Epic Yak - With Durable, Not 3D-Printed Polymer Frame & Hybrid Ceramic 608 Center Bearing - Ideal For Anxiety, Fidgeting, ADHD, ADD & OCD",['manufacturer_recommended_age'],5
16464,"Hand Spinner, BESTTY Metal 3D Ultra Durable Triangle Hand Spinner EDC Fidget Spinner Toy Fingertip Gyro for For ADD, ADHD, Anxiety, Made High Speed - Up to 5 Mins (Black)",['manufacturer_recommended_age'],5
5299,Anti-Stress Toy Colorful Zig-Zag Triangle Fidget Spinner,"['package_contents', 'frame_material', 'features']",5
592,"Bekhic Pro Hand Spinner High Speed Brass Metal EDC Fidget Toys Relieving, Perfect For ADD, ADHD, Anxiety, and Autism Adult Children (Golden)",['color'],5
11774,Jewby 5-Circle Fidget Hand Spinner Triangle Alloy Finger Toy EDC Focus ADHD Autism,['manufacturer_recommended_age'],5
9182,"Fidget Spinner Toy,EDC Finger Toy Ultra Fast Bearings Great Gift for ADD,ADHD,Autism Adult Children(Metal Rainbow)",['manufacturer_recommended_age'],5
4145,Amy & Benton High Speed Hand Spinner for Adults-- 1 Min Small Size Yellow Not Wobbling,['color'],5
18040,Tri Fidget Hand Spinner Triangle DIY Puzzle Finger Toy EDC Focus Toys For ADHD Learning &Educational Toy,['unit_type'],5
4183,"Tri-Fidget Hand Spinner, Aluminum Alloy Metal EDC Sensory Fidget Spinner Hands bearing By Comroll, Smooth Spinning High Speed Relieving ADHD, Anxiety, Boredom and Autism Finger Kids/Adult Toys Gift",['manufacturer_recommended_age'],5
17309,Luminaud Hi-Gain 3-Way Headband Microphone,['width'],6
9957,PYLE PROFESSIONAL GOOSENECK TYPE TABLE TOP DESK CONDENSER MIC MICROPHONE NEW,"['type', 'connectivity']",6
11561,Audio Technica AT831R Cardioid Condenser Lavalier Microphone,"['connectivity_technology', 'product_type', 'host_interface', 'green_compliance_certificateauthority']",6
16624,Floureon BM-800 Condenser Studio Recording Microphone and Shock Mount Holder Blue,['color'],6
16635,BP892C MicroSet Condenser Headworn Microphone Level 1 AT Unipak Beige,['polar_pattern'],6
12079,Audio-Technica PRO 37 Condenser Microphone,['polar_pattern'],6
17914,SHURE PGA98HTQG Clip-On Cardiod Condenser Horn Microphone,"['type', 'polar_pattern']",6
16193,Shure BETA 98AMP/C 3-Pak Microphone,['polar_pattern'],6
8120,The Pillow Collection Kostya Green 18 x 18 Geometric Throw Pillow,"['finish', 'usage']",7
4818,Surya - Ikat Dots - Throw Pillow,"['pattern', 'shape', 'cleaning_instructions']",7
3618,Pillow Perfect Outdoor/ Indoor Allee Peacock 18-inch Throw Pillow,['usage'],7
18305,The Pillow Collection Rahim Green 18 x 18 Geometric Throw Pillow,['usage'],7
4712,The Silk Group French Grey 22x22-Inch Square Silk Shantung Luxury Decorative Pillow Cover Only,['usage'],7
1760,The Silk Group Black 22x22-Inch Silk Dupioni Square Poly Insert Decorative Pillow,['usage'],7
17614,The Pillow Collection Eimear Green 18 x 18 Floral Throw Pillow,"['usage', 'finish']",7
5127,The Pillow Collection Alton Red 18 x 18 Stripes Throw Pillow,"['finish', 'usage']",7
16937,The Pillow Collection Daxiam Brown and White 18 x 18 Stripes Throw Pillow,['usage'],7
8547,Waverly Sonnet Sublime Tufted Oblong 12 x 27-Inch Decorative Pillow,['usage'],7
6996,251 First Fulton Tan and Black 18-Inch Pillow with Poly Fill,['usage'],7
17547,Surya - Metallic Stamped - Throw Pillow,"['pattern', 'shape', 'cleaning_instructions']",7
19168,The Pillow Collection Mahanoro Pink 18 x 18 Floral Throw Pillow,['usage'],7
18150,2007 Jeep Grand Cherokee,"['year', 'transmission_type', 'cylinders', 'model']",8
16706,Used 2006 Jeep Grand Cherokee,['total_seating'],8
2717,"2017 Jeep Grand Cherokee $39,032","['audio_auxiliary_input', 'transmission', 'color', 'features', 'mileage']",8
11839,"2015 Jeep Cherokee - $18,886","['doors', 'transmission', 'fuel']",8
15306,2007 Jeep Grand Cherokee Limited,"['drive_train', 'brakes', 'epa_classification', 'drivetrain', 'interior', 'suspension', 'air_conditioning', 'transmission', 'steering', 'seating']",8
3377,2014 Jeep Grand Cherokee Limited 4x4 SUV 4x4 near Orlando FL,"['front_seats', 'exterior_length', 'rear_headroom', 'interior_color', 'automatic_temperature_control', 'front_headroom', 'electronic_stability', 'drive_type', 'seats_and_trim', 'engine_location', 'rear_seats']",8
17027,New 2017 Jeep Cherokee,['total_seating'],8
946,"2016 Jeep Grand Cherokee $75,021","['transmission', 'color', 'features', 'mileage']",8
16794,Jeep GRAND CHEROKEE 3.0 CRD Overland 5dr Auto (2014),"['technical', 'interior', 'previous_owners', 'fuel', 'exterior']",8
13454,"2017 Jeep Grand Cherokee Limited SUV Long Island, NY","['driver_vanity_mirror', 'front_dual_zone_ac', 'illuminated_entry', 'dual_front_side_impact_airbags', 'air_conditioning', 'abs_brakes', 'electronic_stability', 'remote_keyless_entry', 'traction_control', 'panic_alarm']",8
11517,"2016 Chevrolet Impala - $22,500","['views', 'drive_type', 'doors', 'status', 'transmission']",1
4443,2011 Chevrolet Impala 3.50 LS - Lindsay,"['status', 'transmission', 'automatic']",1
5180,2017 Chevrolet Impala LT,"['wifi', 'body', 'traction_control', 'drive_type', 'transmission', 'int_color', 'clock', 'mileage', 'power_windows', 'engine', '2-stage_unlocking', 'tachometer']",1
111,"2007 Chevrolet Impala 4dr Sedan 3.5L LT for sale in Indianapolis, Indiana, United States","['model', 'year', 'doors', 'interior_color', 'type', 'number_of_cylinders', 'transmission', 'fuel', 'color']",1
8734,2016 Chevrolet Impala LT,['input'],1
7843,2010 Chevrolet Impala - Winnipeg,"['status', 'transmission', 'automatic']",1
755,"2017 Chevrolet Impala 2.50 LT, CLOTH/LEATHERETTE, BLUETOOTH - Waterloo","['status', 'transmission', 'automatic', 'black']",1
9987,2016 Chevrolet Impala LT Sedan,"['recommended_fuel', 'compression_ratio', 'exterior_color', 'drive_type', 'interior_color']",1
191,Rasav Gems 22.55ctw 18x13x8.6mm Oval Black Spinel Opaque Surface Clean Aaa - (code -3146),"['type', 'shape', 'color']",2
11546,Rasav Gems 8.64ctw 15.80x11.50x7.70mm Oval Golden Brown Beer Quartz Very Good Eye Clean Aaa+ - (code -1478),"['type', 'shape', 'color']",2
5706,Rasav Gems 2.67ctw 8.3x8.3x5.4mm Cushion Green Peridot Excellent Visibly Clean Aaa - (code -2122),"['type', 'color']",2
8915,Rasav Gems 9.83ctw 14.70x12x8.3mm Oval Golden Brown Beer Quartz Excellent Loupe Clean Aaa+ - (code -1490),"['type', 'shape', 'color']",2
9804,Rasav Gems 9.46ctw 18x13x8.30mm Pear Green Amethyst Excellent Loupe Clean Top Grade - (code -828),"['type', 'shape', 'color']",2
2273,Rasav Gems 9.80ctw 14.2x14.2x6.6mm Round Blue Blue Lace Agate Translucent Surface Clean Aaa - (code -3119),"['type', 'shape', 'color']",2
4920,Rasav Gems 5.09ctw 14x10x6.60mm Oval Yellow Citrine Excellent Loupe Clean Top Grade - (code -346),"['type', 'shape', 'color']",2
11051,"Privacy Anti-Spy Real Tempered Glass Screen Protector Shield for 4.7"" iPhone6 6s","['free_shipping', 'ships_to']",3
10246,"Galaxy Note 5 Screen Protector, JETech Tempered Glass Screen Protector Film for Samsung Galaxy Note 5","['label', 'studio', 'productgroup']",3
9838,Details about Colorful Plating Tempered Glass Screen Protector for iPhone SE 5S 5C,['compatible_brand'],3
12385,Revamp Simple Snap Screen Protector (iPhone 5/5S) (Tempered Glass) Transparent,['product_type'],3
8938,Ultra Thin Explosion Proof Tempered Glass Screen Protector for Apple iPhone 5s 5 5c,"['binding', 'productgroup']",3
339,Details about 5-PACK PREMIUM ULTRA THIN TEMPERED GLASS SCREEN PROTECTOR FOR SAMSUNG GALAXY S5,['color'],3
5422,0.21mm Tempered Glass Screen Protector for iPhone 5s Anti-shock,"['package', 'use']",3
10208,Details about JETech® Tempered Glass Screen Protector For Samsung Galaxy S7 Edge S6 Edge Plus,['compatible_brand'],3
3915,Ferrari California,"['drive_train', 'no_of_doors', 'power', 'transmission', 'mileage', 'seating_capacity']",4
8289,Ferrari California T 3.8 (A),"['seating_capacity', 'type', 'boot_capacity']",4
7347,FERRARI 458 SPECIALE *Superb Specification* - September (2014),"['technical', 'interior', 'previous_owners', 'fuel', 'exterior']",4
12482,Ferrari 250GT (1959),"['technical', 'interior', 'previous_owners', 'transmission', 'fuel', 'dimension', 'exterior']",4
437,FERRARI 308 GT4 (1978),"['technical', 'interior', 'previous_owners', 'transmission', 'fuel', 'dimension']",4
1976,Ferrari California 4.3 (A),"['availabilty', 'colour', 'car_type', 'fuel_type', 'transmission', 'car_category']",4
51,"Ferrari 360, RH...",['warranty'],4
3625,1964 Ferrari 330 GT 2+2 Series I (1964),"['technical', 'interior', 'previous_owners', 'transmission', 'fuel', 'dimension', 'exterior']",4
10682,FERRARI 458 SPECIALE (2015),"['technical', 'interior', 'previous_owners', 'fuel', 'exterior']",4
11610,Ferrari California RHD (2009),"['technical', 'interior', 'previous_owners', 'transmission', 'fuel', 'dimension', 'exterior']",4
8335,Ferrari F355 F1,"['doors', 'vehicle_sub_type', 'colour', 'gear_type', 'fuel_type']",4
2976,"Ferrari 348, RH,...",['warranty'],4
2828,2005 Ferrari 575 Superamerica (2005),"['technical', 'interior', 'previous_owners', 'transmission', 'fuel', 'dimension', 'exterior']",4
6846,Samsung ST200F Review,"['viewfinder', 'shutter', 'max_aperture', 'resolution', 'sensor_size']",5
10127,Samsung ST93 Specifications,"['ntscpal_switchable_video', 'microphone_jack', 'self-cleaning', 'waterproof', 'lens_mount', 'shutter_priority', 'sensor_size', 'optical_image_stabilization', 'full_manual_exposure', 'manual_focus', 'bulb_mode', 'aperture_priority', 'touchscreen', 'eye-level_viewfinder', 'aspect_ratio', 'auto_focus_assist_light', 'built-in_wi-fi', 'camera_format', 'sensor_format', 'headphone_jack', 'zoom_ratio', 'thread_type', 'bluetooth', 'pictbridge_compliant']",5
1449,Samsung C24FG70,"['brightness', 'productgroep']",5
1781,Samsung DV150F Review,"['viewfinder', 'shutter', 'extended_iso', 'sensor_size']",5
540,Samsung S19E200BR,"['product_type', 'vertical_viewing_angle', 'response_time', 'backlight_technology', 'mount_type', 'aspect_ratio', 'horizontal_viewing_angle', 'screen_mode']",5
11995,Samsung Gear S2,"['contained_battery_type', 'video_game_platform']",5
8989,Samsung RF25HMEDBSR/AA,"['energy_star_certified', 'defrost_type', 'temperature_control_type', 'package_contents', 'color', 'shelves', 'gallon_door_storage', 'type', 'display_color', 'humidity_controlled_crispers']",5
12031,"2017 Ram 1500 $32,864","['features', 'transmission', 'mileage', 'color']",6
595,"2017 Ram $71,525","['audio_auxiliary_input', 'color', 'transmission', 'mileage']",6
3099,"$35,625 2017 Ram 1500 ST","['ext_color', 'mileage', 'location']",6
2615,"2017 Ram $58,592","['audio_auxiliary_input', 'color', 'transmission', 'mileage']",6
10836,"2017 Ram 1500 $53,857","['audio_auxiliary_input', 'features', 'transmission', 'mileage', 'color']",6
12296,New 2017 Ram 1500,"['vehicle_type', 'location', 'year', 'model']",6
2309,"2017 Ram 1500 $39,045","['features', 'audio_auxiliary_input', 'transmission', 'mileage']",6
10436,"2017 Ram 1500 $43,594","['features', 'transmission', 'mileage', 'color']",6
650,"2017 Ram $31,968","['color', 'transmission', 'mileage']",6
3124,VHC Brands Vincent Lined Curtain Panel Pair by VHC Brands,"['care_instructions', 'color']",7
413,VHC Brands Graham Lined Scalloped Valance by VHC Brands,"['care_instructions', 'color']",7
3490,VHC Brands Parker Lined Scalloped Valance by VHC Brands,"['care_instructions', 'color']",7
8295,VHC Brands Karina Tab Top Curtain Panel Pair by VHC Brands,"['care_instructions', 'color']",7
806,VHC Brands Quinn Tab Top Valance by VHC Brands,"['care_instructions', 'color']",7
12014,VHC Brands Vincent Lined Tier Curtain by VHC Brands,"['care_instructions', 'color']",7
9036,VHC Brands Braxton Lined Scalloped Valance by VHC Brands,"['care_instructions', 'color']",7
9583,VHC Brands Paloma Tab Top Curtain Panel by VHC Brands,['care_instructions'],7
8210,Fujifilm FinePix Z20fd,['viewfinder'],8
837,Fujifilm S8300 Review,"['viewfinder', 'shutter', 'sensor_size', 'resolution']",8
4238,Fujifilm announces FinePix S2000HD,"['self_timer', 'aspect_ratio', 'battery_form_factor', 'image_stabilization', 'video']",8
4095,Fujifilm X10 Review,"['shutter', 'viewfinder', 'resolution']",8
7959,Fujifilm JX350 Specifications,"['ntscpal_switchable_video', 'sensor_type', 'hd_video_out', 'microphone_jack', 'self-cleaning', 'built-in_wi-fi', 'lens_mount', 'self_timer', 'digital_zoom', 'pictbridge_compliant', 'composite_video_out', 'shutter_priority', 'usable_battery_types', 'sensor_size', 'usable_memory_types', 'optical_image_stabilization', 'remote_control', 'full_manual_exposure', 'rear_display_resolution', 'viewfinder', 'manual_focus', 'camera_format', 'bulb_mode', 'aperture_priority', 'touchscreen', 'eye-level_viewfinder', 'aspect_ratio', 'auto_focus_assist_light', 'sensor_format', 'headphone_jack', 'external_connections', 'raw_capture_support', 'zoom_ratio', 'waterproof', 'thread_type', 'bluetooth', 'exposure_compensation']",8
11022,Fujifilm A920 Specifications,"['bulb_mode', 'built-in_wi-fi', 'nfc', 'digital_zoom', 'waterproof', 'battery_form_factor', 'remote_control', 'full_manual_exposure', 'viewfinder', 'camera_format', 'aperture_priority', 'auto_focus_assist_light', 'external_connections', 'zoom_ratio', 'pictbridge_compliant', 'ntscpal_switchable_video', 'microphone_jack', 'lens_mount', 'self_timer', 'composite_video_out', 'thread_type', 'shutter_priority', 'self-cleaning', 'optical_image_stabilization', 'manual_focus', 'included_memory_type', 'touchscreen', 'eye-level_viewfinder', 'aspect_ratio', 'headphone_jack', 'raw_capture_support', 'bluetooth']",8
9105,Fujifilm A900 Specifications,"['bulb_mode', 'built-in_wi-fi', 'nfc', 'digital_zoom', 'waterproof', 'battery_form_factor', 'remote_control', 'full_manual_exposure', 'viewfinder', 'camera_format', 'aperture_priority', 'external_connections', 'zoom_ratio', 'pictbridge_compliant', 'ntscpal_switchable_video', 'microphone_jack', 'auto_focus_assist_light', 'lens_mount', 'self_timer', 'composite_video_out', 'thread_type', 'shutter_priority', 'self-cleaning', 'optical_image_stabilization', 'manual_focus', 'included_memory_type', 'touchscreen', 'eye-level_viewfinder', 'aspect_ratio', 'headphone_jack', 'raw_capture_support', 'bluetooth']",8
4767,"Range Oven Door Trim, Left (Bisque) Part #: WP8523173",['category'],9
5872,Range Oven Door Outer Glass (Black) Part #: 316452701,['category'],9
10327,Range Oven Door Inner Glass Part #: 316427701,['category'],9
3748,Range Oven Rack Part #: 318345200,['category'],9
2975,Range Oven Rack Part #: WB48T10024,['category'],9
7019,Range Oven Control Board Part #: 318183622,['category'],9
9788,Whirlpool WP74008629 Range Stove Oven Control Board and Overlay,['color'],9
11145,Range Oven Door Glass Retainer Cover Part #: 318262104,['category'],9
980,Range Oven Control Board Part #: WP8507P233-60,['category'],9
8002,Range Oven Rack Part #: WPW10346265,['category'],9
1816,"Allier 60"" Double Modern Bathroom Vanity Set with Mirror","['mounting', 'number_of_doors', 'assembly_required', 'drawers_included', 'top_material', 'number_of_drawers']",10
10329,"Ripley 54"" Double Wall Mount Modern Bathroom Vanity in White without Mirror","['color', 'mounting', 'assembly_required', 'number_of_drawers', 'number_of_doors']",10
11632,Del Mar Bath Suite with 36 in. Vanity with Vanity Top in Linen Tower Over-the-John and Medicine Cabinet in White,"['faucet_hole_spacing_in', 'assembly_required']",10
151,Ledin Havana 900mm En Suite Bathroom Vanity,['no_of_doors'],10
1028,Duravit DN6470 Darling New Wall-Mounted Modern Bathroom Vanity Unit,"['installation_type', 'number_of_drawers']",10
2990,"Fresca Platinum FPVN7564-WH-GR-GR Giocco 32"" Glossy White/Gray Modern Bathroom Vanity","['installation_type', 'number_of_drawers', 'installation_hardware_included']",10
6131,Avanity Lexington Light Espresso 60-Inch Double Sink Vanity with Black Granite Top,"['usage', 'assembly']",10
459,"Brookfield 72"" Double Country Oak Bathroom Vanity Set with Drawers","['number_of_doors', 'assembly_required', 'drawers_included', 'mounting', 'distressed', 'number_of_drawers', 'sink_type']",10
8197,Plantronics Savi 740 Monaural Convertible Wireless Headset,"['colors', 'wireless_technology']",11
9496,Plantronics Headset Acces.,"['availability', 'harmonization_code', 'dimension']",11
5748,Plantronics Savi WH350 Headset by Plantronics,['color'],11
6149,Plantronics Hands-Free Headset W/Amplifier,['colors'],11
3893,Plantronics .Audio 355 PC Headset,"['http', 'product_type', 'earpiece_design']",11
3769,Plantronics Replacement Headset,['product_type'],11
1080,Plantronics CS510 Headset,"['form_factor', 'connectivity_technology', 'assembly_required', 'earpiece_design']",11
8095,KSEM1700HPCCLM KC7410,['seat'],12
1102,KSEM255R7WN32M,"['seat', 'platform', 'd-mm']",12
10908,KSEM250SEFM,['d-mm'],12
10298,KSEM1800HPCCLM KC7410,"['seat', 'd1-mm']",12
1175,"Frosted Glass Shards Static Cling Window Film, 36' Wide x 15 ft",['packaging'],13
7880,"Flowers Cut Glass Static Cling Window Film, 36' Wide x 15 ft",['packaging'],13
9179,"Clear Gems Cut Glass Static Cling Window Film, 35' Wide x 50 ft",['packaging'],13
8636,"Frosted Lines Static Cling Window Film, 36' Wide x 6.5 ft",['packaging'],13
6590,"Clear Rippled Frequency Static Cling Window Film, 36' Wide x 15 ft",['packaging'],13
10495,"White Privacy Leaves Static Cling Window Film, 36' Wide x 15 ft",['packaging'],13
9009,"Clear Atlantis Cut Glass Static Cling Window Film, 35' Wide x 9 ft",['packaging'],13
1207,2017 Toyota Tacoma,"['warranty', 'front_wheel_material', 'exterior_color', 'rear_wheel_material']",14
9431,"2013 Toyota Tacoma - $28,034","['doors', 'transmission']",14
3425,Used 2009 Toyota Tacoma,['total_seating'],14
11525,New 2017 Toyota Tacoma SR5,"['year', 'vehicle_type', 'model']",14
9867,"2015 Toyota Tacoma $26,363","['center_console', 'rear_door_type', 'overhead_console']",14
6174,2016 FORD MUSTANG GT PREMIUM,"['exterior_color', 'interior_color', 'fuel_type', 'body', 'transmission', 'drive']",15
4196,2017 Ford Mustang Shelby GT350 Fastback Edmond OK,"['drive', 'exterior_color', 'doors', 'body', 'ext_color', 'transmission', 'mileage', 'int_color']",15
11403,2017 Ford Mustang Shelby GT350 Coupe 2-Door,"['fuel_type', 'engine', 'model', 'year', 'mileage']",15
4481,Ford Mustang Fastback 5.0 V8 GT 2dr Auto Black Stripe,"['special_edition', 'tyre_size_rear', 'number_of_valves', 'cylinders', 'fuel', 'top_speed', 'transmission']",15
1259,2014 Ford Mustang 5.00 GT 2dr Coupe - Kamloops,"['status', 'manual', 'red', 'transmission']",15
1756,2008 Ford Mustang Shelby Gt500 * Stiegemeier Supercharg,['model'],15
6043,2002 Ford Mustang GT Premium Coupe,['color'],15
3527,2016 Ford Mustang GT Fastback Auto Premium Pack+ Hollybrook Prep (2016),"['technical', 'interior', 'previous_owners', 'transmission', 'fuel', 'dimension', 'exterior']",15
7642,Tommee Tippee Closer To Nature Electric Steriliser Kit,"['ships_to', 'location']",16
11229,"Tommee Tippee Closer to Nature Bottles, 9 Ounce,","['dishwasher_safe', 'is_portable']",16
8724,Details about Tommee Tippee Closer to Nature 260ml PINK Decorated Baby Feeding Bottles 6 Pack,['main_colour'],16
1338,Tommee Tippee 522400 5 oz Bottle 0+,"['shipping', 'quantity']",16
4832,Tommee Tippee Advanced Comfort 4X 260ML Bottles,['colour'],16
3309,Tommee Tippee Insulated Bottle Bag (2 Count),"['package_quantity', 'binding', 'product_group']",16
7067,"Tommee Tippee Closer to Nature Bottles, 9 Ounce, 3 Count","['dishwasher_safe', 'is_portable']",16
3798,Lexus NX Prices & Deals - New Hampshire,"['transmissions_available', 'drive_wheels', 'seating']",17
11726,Lexus IS Prices & Deals - Alaska,"['transmissions_available', 'drive_wheels', 'seating']",17
10278,Lexus GS Prices & Deals - Pennsylvania,"['transmissions_available', 'drive_wheels', 'seating']",17
3205,Lexus IS Prices & Deals - Ohio,"['transmissions_available', 'drive_wheels', 'seating']",17
1718,Lexus GS Prices & Deals - Virginia,"['transmissions_available', 'drive_wheels', 'seating']",17
541,Lexus ES Prices & Deals - Hawaii,"['transmissions_available', 'drive_wheels', 'seating']",17
8457,Lexus LS Prices & Deals - Missouri,"['transmissions_available', 'drive_wheels', 'seating']",17
9079,Browning VF4E-120S,"['product_line', 'housing_material', 'expansion']",18
5323,Browning VF4E-224,"['product_line', 'housing_material', 'expansion']",18
10117,Browning (Regal) 2351328 2351328,['band_type'],18
10116,Browning NSS1230,['warranty'],18
9080,Browning VF4E-112,"['product_line', 'housing_material', 'expansion']",18
879,Browning (Regal) VPS-319,"['housing_material', 'mounting', 'application', 'bore_type']",18
4309,Browning AK41X1/2,['product_type'],18
1017,Browning (Regal) VPE-220,"['housing_material', 'mounting', 'application', 'bore_type']",18
6347,Browning VPS-228,"['product', 'expansion']",18
1875,Browning YSS16G40,['warranty'],18
10443,Browning 4B5V160,['product_type'],18
10897,Browning VF4S-316,"['product_line', 'housing_material', 'expansion']",18
9633,PALEO Diet Cookbook. Eat Like Caveman!: 50+ Easy and Tasty Recipes for Your Healthy Strong and Beautiful Body,"['x-ray', 'sold_by', 'publication_date', 'lending']",19
4348,"The Book of Greens: A Cook's Compendium of 40 Varieties, from Arugula to Watercress, with More Than 175 Recipes",['hardcover'],19
2599,"Cook Lively!: 100 Quick and Easy Plant-Based Recipes for High Energy, Glowing Skin, and Vibrant Living—Using 10 Ingredients or Less",['paperback'],19
3529,Frugal Cooking for Simple Living (90+ Recipes),"['x-ray', 'lending', 'sold_by']",19
8125,Ketogenic Cookbook: 50 Insanely Quick and Easy 5 Ingredient Recipes: An Essential Ketogenic Cookbook For Beginners,"['sold_by', 'x-ray', 'lending']",19
10176,Wholesale-Baby nipple baby girls pacifier boys soother pacifiers teat cartoon cute children nipple plush toy safe baby care puppy,"['pattern_type', 'packaging', 'quantity', 'color']",20
9350,** PROMO ** Pacifier Clip Boys and Girls by Liname – 3 Pack – Premium Quality Universal Pacifier Clip – Adorable 2-Sided Stylish Design – Soothie Pacifier Holder – Perfect Baby Shower Gift,"['productgroup', 'binding', 'producttypename']",20
2960,Wholesale-Infant Pacifier Holder Clip Baby Pacifiers Nipples For Children Pacify 0-3 Years Old Newborn Cute Pacifiers Free China Post,"['pattern_type', 'packaging', 'color']",20
3328,Wholesale-4pcs/set Baby Pacifier Clip Chain Cotton Dummy Holder Chupetas Soother Pacifier Clips Strap Nipple Holder For Infant Feeding R15,"['color', 'pattern_type']",20
1495,Qingsun Baby Weaning Tool Safe Feeding Tool Pacifier Clip Attache Pacifier Bottles for Baby KidsBaby in Blue,['color'],20
4098,"D Shape Plastic Pacifier Clip Dummy Clip Suspender Clip For 20MM Ribbon,Soother/Nuk/MAM/Bib/Toy Holder",['quantity'],20
3410,"Shrink Chuck, 3mm Hole Dia., HSK32E","['for_use_with', 'item', 'balanced_to_rpm', 'coolant_through']",21
10811,"Power Mini Shrink Chck, 8mm Hole Dia, BT40","['for_use_with', 'balanced_to_rpm', 'coolant_through']",21
10242,"Shrink Fit Holder, 20mm Hole Dia., SK40","['for_use_with', 'balanced_to_rpm', 'coolant_through']",21
6077,"Power Shrink Fit Chuck, 10mm Hole Dia.","['for_use_with', 'balanced_to_rpm', 'coolant_through']",21
8872,E346956031480 - Shrink Fit Holders,['lead_time'],21
4556,"Mini Shrink Chuck, 6mm Hole Dia., HSK50E","['balanced_to_rpm', 'for_use_with', 'coolant_through']",21
5824,"Heavy Duty Chuck, 20mm Hole Dia., HSK125A","['balanced_to_rpm', 'for_use_with', 'coolant_through']",21
3270,"Power Shrink Chuck, 6mm Hole Dia., HSK63A","['for_use_with', 'balanced_to_rpm', 'coolant_through']",21
11239,2001 Lexus IS300 Auto Metallic Green 310KM 2JZ-GE,"['no_of_doors', 'for_sale_by', 'colour', 'year', 'type', 'fuel_type', 'transmission', 'no_of_seats']",22
828,Lexus LS,"['doors', 'owners']",22
7755,2016 Lexus NX,"['warranty', 'front_wheel_material', 'exterior_color', 'rear_wheel_material']",22
3775,Lexus IS300h 2.5 Executive (2014),"['technical', 'interior', 'previous_owners', 'exterior']",22
11260,LEXUS RX,"['tyre_size_rear', 'space_saver', 'wheel_style', 'alloys', 'tyre_size_front', 'height', 'tyre_size_spare', 'width', 'turning_circle-kerb_to_kerb', 'no_of_seats', 'max_towing_weight-braked', 'max_towing_weight-unbraked', 'max_roof_load', 'fuel_tank_capacity_litres']",22
10539,2015 Lexus LX 570 5.70 EXECUTIVE EDITION - Richmond,"['unknown', 'status', 'transmission', 'black']",22
12084,2016 Lexus NX NX200t,"['wheel_base', 'rim_size_rear', 'rim_size_front', 'height', 'fuel_type', 'transmission', 'green', 'fuel_urban', 'fuel_consumption', 'tyre_front_size', 'fuel_extra_urban', 'engine', '0-100_kmh', 'tyre_rear_size', 'fuel_delivery', 'width', 'max_torque', 'release_date', 'length', 'fuel_capacity', 'ron', 'fuel_combined']",22
3675,2013 Lexus Gx 460,"['city', 'engine', 'interior', 'company', 'exterior', 'doors', 'fuel_type', 'transmission']",22
4954,"2013 Lexus CT 200h - $17,491","['views', 'drive_type', 'doors', 'status', 'transmission']",22
10227,WOMEN SPRZ NY Short Sleeve Graphic T-Shirt (Gego),['care'],23
4181,Details about Womens Plus Size 3X Cowl Neck Sleeveless Stretchy Top Blouse SHirt,"['sleeve_style', 'occasion', 'color', 'pattern', 'size_type']",23
3292,WOMEN Extra Fine Cotton Short Sleeve Flare Blouse,['care'],23
3768,Details about Women Ladies Long Sleeve Cotton Linen Top Botton Loose Blouse Shirt Tee,"['occasion', 'size_type', 'fit', 'pattern', 'sleeve_style']",23
6842,Details about Women Fashion Summer Casual Round Neck Short Sleeve Pineapple Print T-Shirt Top,"['clothing_length', 'sleeve', 'sleeve_style', 'occasion', 'season', 'size_type', 'collar', 'color']",23
1589,UA Waffle Raglan Women’s Long Sleeve Shirt,"['height', 'athlete_type', 'age', 'sport_interest']",23
1554,WOMEN Flannel Stand Collar Long Sleeve Shirt,['care'],23
6464,MORESAVE Women’s Ruffle Round Neck Long Sleeve Chiffon Blouse Button Shirt Tops,"['sleeve_style', 'producttypename', 'fabric_type', 'binding', 'productgroup']",23
4027,Details about Women Casual Splice Pullover T-Shirt Long Sleeve Trench Top Shirt Blouse Sweater,"['colour', 'sleeve_style', 'fit', 'occasion', 'garment_care', 'size_womens', 'size_type']",23
1359,Annette Cream 25-Piece King Comforter Set,"['machine_washable', 'pattern_type', 'stain_resistant', 'hypoallergenic', 'moisture_resistant', 'color_family', 'color']",24
626,Lush Decor Boho Stripe Multicolor Seven-Piece Full/Queen Comforter Set,"['pieces_in_set', 'usage']",24
5557,Morgan Purple Three-Piece Twin Comforter Set,['weight'],24
3776,Madison Park Biloxi Purple Seven-Piece Queen Comforter Set,"['pieces_in_set', 'usage', 'fill_material']",24
12112,Madison Park Freeport Green Seven-Piece Queen Comforter Set,"['pieces_in_set', 'usage']",24
7353,9 ft. Aluminum Push Tilt Patio Umbrella in Straw Olefin,"['patio_furniture_features', 'color_family']",25
4641,9 ft. Fiberglass Collar Tilt Patio Umbrella in Terrace Adobe Olefin,"['patio_furniture_features', 'color_family']",25
5342,11 ft. Aluminum Auto Tilt Patio Umbrella in Dolce Mango,['color_family'],25
5372,California Umbrella 11 Foot Fiberglass Market Umbrella Collar Tilt Double Vent Matted Black/Sunbrella/Macaw,"['assembly', 'usage']",25
5909,CorLiving Sandy Brown Outdoor Patio Umbrella,"['usage', 'assembly']",25
4829,Georgio Armani Acqua Di Gio Pour Homme Men's 6.7-ounce Eau de Toilette Spray,['color'],26
11550,Givenchy Pour Homme by Givenchy Eau de Toilette Men's Spray Cologne,"['used_for', 'package_quantity']",26
10098,Guerlain Homme Men's Fragrance 2.7-ounce Eau de Toilette Spray,['size'],26
7221,Ralph Lauren Eau De Parfum Spray 3.4 Oz Tender Romance Perfume By Ralph Lauren For Women,['size'],26
12416,Chevignon Heritage Eau de Toilette for Men 100ml,"['targeted_group', 'fragrance_type', 'size']",26
1986,Shakira Dance Perfume Eau de Toilette 2.7 oz/80 ml,"['ships_to', 'location']",26
792,Estee Lauder Knowing Eau De Parfum Spray For Women - 2.5 Oz.,['color'],26
7575,Costume National Scent Intense Women's 3.4-ounce Eau de Parfum Spray,['size'],26
2188,Liz Claiborne Curve Kicks Eau De Toilette Spray 100ml/3.4oz,"['weight', 'warranty_type']",26
5197,Touch By Fred Hayman Eau De Toilette 3.4 Oz For Women,['size'],26
1549,'Scent Intense' Eau de Parfum by CoSTUME NATIONAL,"['size', 'color']",26
7794,Maserati GranTurismo Prices & Deals - Texas,"['transmissions_available', 'seating', 'drive_wheels']",27
6113,Maserati GranTurismo Prices & Deals - Florida,"['transmissions_available', 'seating', 'drive_wheels']",27
7760,Maserati Levante Prices & Deals - Vermont,"['transmissions_available', 'drive_wheels', 'seating']",27
4964,Maserati GranTurismo Prices & Deals - Louisiana,"['transmissions_available', 'seating', 'drive_wheels']",27
9732,Maserati GranTurismo Prices & Deals - Iowa,"['transmissions_available', 'seating', 'drive_wheels']",27
4942,Wholesome Sweeteners Sugar - Organic - Coconut Palm - 16 Oz - Case Of 6,"['availability', 'pack_of_', 'shipping', 'product_selling_unit_']",28
5115,Happy Tot Toddler Food - Organic - Stage 4 - Banana Peach Prune And Coconut - 4.22 Oz - Case Of 16,['product_selling_unit_'],28
3640,Plum Organics Baby Food - Organic - Apricot And Banana - Stage 2 - 6 Months And Up - 3.5 .oz - Case Of 6,"['pack_of_', 'shipping', 'product_selling_unit_', 'quantity']",28
9264,Ella's Kitchen Organic Baby Brekkie Mango 100 g (Pack of 6),"['serving_size', 'certification']",28
12092,"Happy Baby Organic Stage 3 Baby Food, Hearty Meals, Fruits, Oats Quinoa, Pack",['platform'],28
215,NEW 24Pcs Plastic Clear C Type Bathroom Shower Curtain Liner Hook Hooks Rings,"['quantity', 'pattern']",29
4379,Wickes Telescopic Shower Curtain Rail White,['finish'],29
8641,"InterDesign Leaves Shower Curtain, Black/Gray and Shower Curtain Liner",['category'],29
5141,Beveled-Edge Straight Fixed Shower Curtain Rod,"['product_information', 'mount_type', 'product_warranty', 'shape', 'number_of_items_included']",29
4548,Curved Double Shower Curtain Rod-Black – 72″,['color'],29
4839,Shoes S.OLIVER 5-13200-36 Cognac/Navy 380,"['sole', 'lining', 'colour']",30
4082,Details about MICHAEL KORS Dark Brown Edgy Zip Up Knee Hight Boots Size 7.5 Leather B3343,"['color', 'fastening', 'heel_type', 'occasion', 'us_shoe_size_womens', 'pattern', 'heel_height', 'width']",30
5449,Details about Vintage Red Wing Irish Setter Sport Leather Boots Crepe Soles USA Men's 10.5 D,"['us_shoe_size_mens', 'color', 'width']",30
5509,Details about NIB mens Jcrew Kenton Pacer boots size 9 tan brown shoes NEW chestnut ludlow,"['us_shoe_size_mens', 'color', 'width']",30
10178,Details about Alexander Wang Orange Nubuck Leather Dakota Lace Up Ankle Boots Size 39,['color'],30
5912,"30mm Double 4ft 6"" Memory Foam Mattress Topper/Overlay","['free_shipping', 'ships_to']",31
8836,Queen size 2-inch Blue Gel Memory Foam Mattress Topper - Made in USA,"['machine_washable', 'fill_material', 'stain_resistant', 'hypoallergenic', 'number_of_items_included', 'water_resistant', 'color']",31
7047,"Serta Fenwick Firm 12"" Plush Gel Memory Foam Cal King Mattress","['special_order', 'dimensions']",31
11663,Wellrest Aller-Free White Twin Mattress Pad,"['type', 'size', 'usage']",31
9371,KitchenAid 2.0-Quart Kettle with C Handle and Trim Band Item # 962987,['applicationusage'],32
12101,KitchenAid Custom Metallic KSM152PSNK Tilt-Head Stand Mixer Item # 248981,['appliance_type'],32
1425,KitchenAid Professional 600 KP26M1XWH Stand Mixer,"['appliance_type', 'color']",32
10880,KitchenAid KSM170 Stand Mixer - Frosted Pearl,"['dishwasher_safe', 'categories']",32
6509,"883049056371 - KitchenAid KSM150PSSM Artisan Series 5-Quart Stand Mixer, Silver Metallic [Discontinued]",['package_quantity'],32
12428,Forever Women's IC10 Faux Leather Lace-up Buckle Strap Chunky Heel Combat Knee-high Boots,"['toe_shape', 'width', 'heel_height', 'lining', 'shoe_width']",33
6876,2017 Winter / Autumn Super Popular Womens Kelsi Dagger Francille Ankle boots in Black discount Sales,"['season', 'construction']",33
4152,Details about JEFFREY CAMPBELL FREE PEOPLE JOE TWO TONE BOOTS SIZE 7 Black Brown Suede Lace Up,"['us_shoe_size_womens', 'heel_type', 'heel_height', 'width']",33
7187,Details about Sorel TIVOLI 2 Womens Black Suede Leather Waterproof Winter Insulated Snow Boots,"['color', 'width']",33
8119,Bonnibel GF68 Women's Faux Suede Lace-up Inside Zipper Low-heel Over-knee-high Boots,"['toe_shape', 'width', 'heel_height', 'shoe_width']",33
7830,2017 wholesale! New Fashion Australia classic tall winter boots real leather Bailey Bowknot women's bailey bow snow boots shoes boot @885,"['closure_type', 'category', 'shoe_width', 'season']",33
762,MEN SPRZ NY S/S Graphic T-Shirt (Jean-Michel Basquiat),['care'],34
8244,Men's Vashon Short-Sleeve Shirt - Stripe,"['fit', 'size_type']",34
636,Men's Lookout Short-Sleeve Polo Shirt - Solid,"['fit', 'size_type']",34
6565,MEN Uniqlo U Dry Long Sleeve Crew Neck T-Shirt,['care'],34
12115,Ergodyne Shirts: Men's 7425 NVY Navy Blue Flame-Resistant Long-Sleeve Shirt,['color'],34
6000,2017 Polaris RZR 900 White Lightning Request Price,['towing_capacity'],35
10159,2017 Polaris General 1000 EPS Hunter Edition Request Price,['seating'],35
8844,"2017 Polaris RZR XP 4 Turbo EPS $22,499",['seating'],35
3379,"2017 Polaris RZR S 900 EPS $16,499 MSRP","['towing_capacity', 'seating']",35
8981,2017 Polaris RZR S 1000 EPS Request Price,"['towing_capacity', 'seating']",35
9965,NEW Innova Pro Tern 171g Blue Yellow Stamp Distance Driver Golf Disc,"['ships_to', 'seller', 'location']",36
3019,New Innova Champion Valkyrie 170g Deep Pink Distance Driver Golf Disc,['platform'],36
7468,NEW Innova Star Katana 172g Golden Yellow Distance Driver Golf Disc,"['ships_to', 'seller', 'location']",36
9356,NEW Innova Champion Wraith 175g Sunburst DYED Distance Driver Golf Disc,"['ships_to', 'seller', 'location']",36
501,NEW Prodigy Discs 400 F7 168g X-OUT Aqua Teal Foil Fairway Driver Golf Disc,"['ships_to', 'location', 'seller']",36
1129,NEW Innova Star Mamba 175g Bright Orange Distance Driver Golf Disc,"['ships_to', 'seller', 'location']",36
2740,NEW Innova Champion Eagle 175g Pink Flag Foil Fairway Driver Golf Disc,"['ships_to', 'seller', 'location']",36
4707,SNMG 643-NR IC807,"['coating', 'tool_type', 'cutting_edge_material', 'measurementtype', 'insert_thickness', 'shape', 'corner_radius']",37
10796,SNMG 432-TF IC907,"['coating', 'tool_type', 'cutting_edge_material', 'measurementtype', 'size', 'grade', 'insert_thickness', 'shape', 'corner_radius']",37
12517,Range Surface Burner Seal Part #: 316242003,['category'],38
5406,Range Surface Burner Orifice Part #: WB28K10288,['category'],38
11861,Range Surface Burner Knob Part #: WPW10132191,['category'],38
12527,Range Burner Control Knob Part #: 71002758,['category'],38
4184,Range Surface Burner Cap Part #: WP3191898,['category'],38
2726,Maytag Jenn-Air WP74011287 Gas Range Burner Knob 74011287 NEW OEM,['ships_to'],38
12494,International Concepts Linen White 36-Inch Round Pedestal Dining Table,['assembly'],39
12384,Avon 42-Inch Flax Round Dining Table,['weight'],39
11611,International Concepts Unfinished 30-Inch Dining Table,['assembly'],39
17777,"Allied Machine & Engineering 454T-57 TiN Coated Super Cobalt GEN2 T-A HSS Drill Insert, Series 4, 57 mm Diameter","['package_weight', 'package_dimensions', 'availability']",1
11989,"Allied Machine & Engineering 457H-0327 AM200 Coated Super Cobalt GEN2 T-A HSS Drill Insert, Series 7, 3-27/32"" Diameter",['package_weight'],1
13116,"Allied Machine & Engineering 18YT-9.5 TiN Coated Premium Cobalt Original T-A Drill Insert, Series Y, 9.5 mm Diameter (Pack of 2)","['package_weight', 'package_dimensions', 'availability']",1
14932,"Allied Machine & Engineering 152H-0112-SS AM200 Coated Super Cobalt 150 degree Structural Steel T-A Drill Insert, Series 2, 1-3/8"" Diameter (Pack of 2)",['package_weight'],1
11571,"Allied Machine & Engineering 453H-0116 AM200 Coating Super Cobalt GEN2 T-A Drill Insert, Series 3, 1-1/2"" Diameter, 1/4"" Thickness","['product_weight', 'package_weight']",1
17934,Samsung UN49KU6500 Curved 49-Inch 4K Ultra HD Smart LED TV (2016 Model),['display_technology'],2
11664,"LG 75SJ8570 - 75"" Super UHD 4K HDR Smart LED TV (2017 Model)","['video_signal_standard', 'aspect_ratio', 'backlight_technology', 'usb', 'product_type', 'ethernet', 'scan_format', 'hdmi', 'energy_star']",2
13996,"LG 49"" UH652T 4K Ultra HD LED LCD Smart TV","['screen_type', 'categories']",2
17901,"SONY BRAVIA KD65XE8596BU 65"" Smart 4K Ultra HD HDR LED TV","['colour', 'wifi', 'ethernet', 'remote_control', 'guarantee', 'bluetooth']",2
13193,"Samsung MU6300-Series 43""-Class HDR UHD Smart LED TV","['panel_type', 'aspect_ratio', 'contrast_ratio']",2
13943,Sony XBR65Z9D 65-Inch 4K Ultra HD Smart LED TV (2016 Model),"['display_technology', 'batteries']",2
11582,"Samsung 55"" Class 4K Ultra HD Smart Curved LED TV - UN55MU650D","['energy_star_certified', 'built-in_wi-fi', 'usb', 'ethernet', 'hdmi']",2
17928,"Samsung 55"" Class (54.6"" Diag.) 4K Ultra HD Smart LED LCD TV UN55KU630DFXZA","['overall', 'energy_star_compliant', 'value', 'speakers', 'quality', 'screen_type', 'features', 'display_type']",2
17756,"Samsung 55"" Class 4K Ultra HD Smart LED TV - UN55MU630D","['energy_star_certified', 'built-in_wi-fi', 'usb', 'ethernet', 'hdmi']",2
16986,"Samsung 9 Series UN65KS9800F - 65"" Curved LED Smart TV - 4K UltraHD","['wi-fi', 'availability', 'remote_control']",2
17981,Samsung Un55ks8000 55-inch 4k Ultra Hd Smart Led Tv 2016 Model (UN55KS8000FXZA) 340,"['quantity', 'color']",2
17509,Replacement Notebook Battery for Compaq Presario CQ61-405ET 10.8 Volt Li-ion Advanced Pro Series Laptop Battery,['color'],3
18005,Replacement Notebook Battery for HP Pavilion g6-1035tx 10.8 Volt Li-ion Advanced Pro Series Laptop Battery,['color'],3
12742,Replacement Notebook Battery for HP Pavilion g4-1006tx 10.8 Volt Li-ion Advanced Pro Series Laptop Battery,['color'],3
18351,Replacement Notebook Battery for Acer Aspire V3-571-6805 10.8 Volt Li-ion Advanced Pro Series Laptop Battery,['color'],3
18247,Replacement Notebook Battery for HP Pavilion g6-2395sa 10.8 Volt Li-ion Advanced Pro Series Laptop Battery,['color'],3
14025,Replacement Notebook Battery for Acer Aspire 5739G 11.1 Volt Li-ion Advanced Pro Series Laptop Battery,"['availability', 'color']",3
14911,Replacement Notebook Battery for Acer Aspire 7730-4931 11.1 Volt Li-ion Advanced Pro Series Laptop Battery,"['availability', 'color']",3
14980,Replacement Notebook Battery for Toshiba Satellite A205-S7458 10.8 Volt Li-ion Advanced Pro Series Laptop Battery,['color'],3
12971,Replacement Notebook Battery for Asus UL80V 14.4 Volt Li-ion Advanced Pro Series Laptop Battery,"['availability', 'color']",3
17066,Replacement Notebook Battery for Toshiba Satellite A135-S2286 10.8 Volt Li-ion Advanced Pro Series Laptop Battery,['color'],3
14288,Replacement Notebook Battery for Toshiba Satellite M70-196 14.4 Volt Li-ion Advanced Pro Series Laptop Battery,['color'],3
17792,Replacement Notebook Battery for HP G42-370TU 10.8 Volt Li-ion Advanced Pro Series Laptop Battery,['color'],3
13098,Replacement Notebook Battery for Acer Aspire 5680-6063 11.1 Volt Li-ion Advanced Pro Series Laptop Battery,"['availability', 'color']",3
13429,Replacement Notebook Battery for Sony VAIO VGN-NR410 Series 11.1 Volt Li-ion Advanced Pro Series Laptop Battery,"['color', 'availability']",3
15427,Replacement Notebook Battery for Compaq Presario CQ62-206SO 10.8 Volt Li-ion Advanced Pro Series Laptop Battery,['color'],3
16753,Replacement Notebook Battery for Compaq Presario CQ56-200EI 10.8 Volt Li-ion Advanced Pro Series Laptop Battery,['color'],3
13318,Replacement Notebook Battery for HP Pavilion 14-ab038tx 14.8 Volt Li-ion Advanced Pro Series Laptop Battery,"['availability', 'color']",3
11801,Replacement Notebook Battery for HP Pavilion dv5-1062tx 10.8 Volt Li-ion Advanced Pro Series Laptop Battery,['color'],3
11602,Replacement Notebook Battery for Toshiba Satellite C650-1CQ 10.8 Volt Li-ion Advanced Pro Series Laptop Battery,['color'],3
18461,Replacement Notebook Battery for Compaq Presario CQ42-262VX 10.8 Volt Li-ion Advanced Pro Series Laptop Battery,['color'],3
18453,Replacement Notebook Battery for IBM ThinkPad T60 6374 10.8 Volt Li-ion Advanced Pro Series Laptop Battery,['color'],3
13793,Replacement Notebook Battery for HP Pavilion 15-ab025tx 14.8 Volt Li-ion Advanced Pro Series Laptop Battery,"['availability', 'color']",3
14999,Replacement Notebook Battery for Acer Aspire 5650 Series 11.1 Volt Li-ion Advanced Pro Series Laptop Battery,"['availability', 'color']",3
11852,Replacement Notebook Battery for Toshiba Satellite P775D 10.8 Volt Li-ion Advanced Pro Series Laptop Battery,['color'],3
12446,Replacement Notebook Battery for HP Pavilion g4-1015tu 10.8 Volt Li-ion Advanced Pro Series Laptop Battery,['color'],3
17075,Replacement Notebook Battery for HP G62-b37SO 10.8 Volt Li-ion Advanced Pro Series Laptop Battery,['color'],3
12023,Replacement Notebook Battery for Toshiba Satellite C50-B-022 14.4 Volt Li-ion Advanced Pro Series Laptop Battery,"['color', 'availability']",3
14202,Replacement Notebook Battery for Toshiba Satellite M307 Series 10.8 Volt Li-ion Advanced Pro Series Laptop Battery,['color'],3
17729,Replacement Notebook Battery for Compaq Presario CQ56-160SD 10.8 Volt Li-ion Advanced Pro Series Laptop Battery,['color'],3
11883,Replacement Notebook Battery for Compaq Presario CQ56-108SL 10.8 Volt Li-ion Advanced Pro Series Laptop Battery,['color'],3
11690,Replacement Notebook Battery for Sony VAIO PCG-3C1L 11.1 Volt Li-ion Advanced Pro Series Laptop Battery,"['color', 'availability']",3
13852,Replacement Notebook Battery for HP Pavilion dv6-6149nr 10.8 Volt Li-ion Advanced Pro Series Laptop Battery,['color'],3
15276,Replacement Notebook Battery for Acer Aspire 7552G-P366G64Mn 10.8 Volt Li-ion Advanced Pro Series Laptop Battery,['color'],3
18318,Replacement Notebook Battery for Toshiba Satellite L305D-S5893 10.8 Volt Li-ion Advanced Pro Series Laptop Battery,['color'],3
11679,2016 Nissan Rogue SV(828) 264-7726,"['engine', 'transmission']",4
13268,2014 Nissan Rogue SV(317) 885-9800,"['engine', 'color', 'transmission']",4
14344,2014 Nissan Rogue SV(515) 233-1913,"['transmission', 'engine', 'color']",4
18155,2014 Nissan Rogue SV(859) 354-4434,"['cruise_control', 'remote_power_door_locks', 'bluetooth', 'tachometer']",4
17844,2017 Nissan Rogue SV(859) 263-5020,"['interior', 'engine', 'transmission', 'color']",4
16809,2013 Nissan Rogue SV(717) 733-4700,"['interior', 'engine', 'transmission', 'color']",4
12383,"Allied Machine & Engineering 1C22A-32 TiAlN Coated C2 Carbide (K20) Original T-A Drill Insert, Series 2, 32 mm Diameter (Pack of 2)","['package_weight', 'package_dimensions', 'availability']",5
11701,"Allied Machine & Engineering 7C122P-22LR AM300 Coating C1 Carbide (K35) GEN3SYS XT Drill Insert, Series 22, Low Rake Geometry, 22 mm Diameter","['package_weight', 'package_dimensions']",5
17192,"Allied Machine & Engineering 7C213P-0017 AM300 Coating C2 Carbide (K20) GEN3SYS XT Drill Insert, Series 13, Standard, 17/32"" Diameter","['package_weight', 'package_dimensions', 'availability']",5
12482,"Allied Machine & Engineering 1C23A-0118 TiAlN Coated C2 Carbide (K20) Original T-A Drill Insert, Series 3, 1-9/16"" Diameter","['package_weight', 'package_dimensions', 'availability']",5
12363,"Allied Machine & Engineering 7C224P-25AS AM300 Coating C2 Carbide (K20) GEN3SYS XT Drill Insert, Series 24, Low Rake Geometry, 25 mm Diameter","['package_weight', 'package_dimensions']",5
17265,"Hallowell Hi-Tech Metal Shelving 36""W x 24""D x 87""H Gray 6 Adjustable Shelves Starter Unit Open Style with Sway Braces","['certifications', 'assembly', 'returnable', 'series', 'color']",6
13729,"Hallowell H7513-2407PB 36""W x 24""D x 87""H 8 Adjustable Shelves Starter Unit Open Style with Sway Braces H-Post High Capacity Shelving","['width', 'depth', 'height', 'assembly_required']",6
12107,"Hallowell H-Post High Capacity Shelving 48""W x 18""D x 87""H Blue Posts and Side Sway Braces/ 711 Platinum Back Sway Braces and Shelves 5 Adjustable Shelves Add-on Unit Open Style with Sway Braces","['certifications', 'assembly', 'returnable', 'series', 'color']",6
18592,"Hallowell A7713-18HG 48""W x 18""D x 87""H 8 Adjustable Shelves Add-on Unit Open Style with Sway Braces Hi-Tech Metal Shelving in Gray","['finish', 'width', 'depth', 'height', 'assembly_required']",6
11713,"Hallowell H7713-2407PB 48""W x 24""D x 87""H 8 Adjustable Shelves Starter Unit Open Style with Sway Braces H-Post High Capacity Shelving","['width', 'depth', 'height', 'assembly_required']",6
18747,Canon PowerShot Elph 360 HS Wi-Fi Digital Camera (Silver) with 32GB Card + Case + Battery + Selfie Stick + Sling Strap + Kit,"['digital_zoom', 'flash', 'sensor_type', 'sensor_size', 'total_pixels', 'nfc', 'storage', 'optical_zoom', 'wi-fi']",7
17652,Canon EF-S 24mm f/2.8 STM Wide Angle Lens with Tripod + 3 UV/CPL/ND8 Filters + Kit,"['maximum_aperture', 'diaphragm_blades', 'focus_type']",7
11737,Canon PowerShot G9 X Mark II Wi-Fi Digital Camera (Black) with 32GB Card + Case + Battery + Flex Tripod + Kit,"['digital_zoom', 'flash', 'sensor_type', 'interface', 'storage', 'optical_zoom', 'image_stabilization', 'monitor_resolution']",7
13851,"Canon EOS 6D 20.2 MP CMOS Digital SLR Camera with EF 24-105mm f/4L IS USM and 70-300mm Lenses, 32GB Memory Card, Extra Battery and Bag","['photo_sensor_technology', 'flash_memory_type', 'optical_sensor_technology', 'optical_sensor_resolution', 'viewfinder_type', 'configuration']",7
15228,Canon EOS M6 Wi-Fi Digital ILC Camera + EF-M 18-150 IS STM Lens + 64GB Card + Case + Battery + Charger + Tripod + Filter + Strap Kit,"['sensor_type', 'flash_type', 'self_timer', 'image_stabilization', 'output_type', 'viewfinder_type', 'optical_zoom', 'color']",7
15833,Canon EF 300mm f/2.8L IS USM II Super Telephoto Lens for Canon EOS SLR Cameras,"['focus_type', 'minimum_aperture', 'photo_filter_thread_size', 'model_year', 'weather_resistance', 'lens_design', 'compatible_mountings', 'number_of_elements', 'maximum_aperture', 'maximum_format_size', 'optical_zoom', 'color', 'number_of_diaphragm_blades', 'lens_type']",7
15886,Canon EOS Rebel T7i Digital SLR Camera & EF-S 18-55mm IS STM Lens with 75-300mm III Lens + 32GB Card + Backpack + Tripod + Filters + Tele/Wide Lens Kit,"['exposure_compensation', 'self-timer', 'flash_control', 'lens_mount', 'flash_compensation', 'effective_pixels', 'storage', 'image_formats', 'camera_type', 'live_view', 'monitor_resolution']",7
18581,Canon EOS 80D Wi-Fi Digital SLR Camera & EF-S 18-55mm IS STM Lens with 75-300mm III Lens + 64GB Card + Case + Flash + Battery & Charger + Grip + Tripod Kit,"['monitor_type', 'lens_mount', 'storage', 'flash_compensation', 'flash_control', 'nfc', 'camera_type', 'monitor_resolution', 'flash_sync_terminal', 'total_pixels', 'wi-fi', 'effective_pixels', 'image_stabilization']",7
17206,"Canon EOS 1300D Digital SLR Camera With 18-55mm IS II Lens, HD 1080p, 18MP, Wi-Fi, NFC, 3"" LCD Screen","['self_timer', 'value', 'touch_screen', 'camera_type', 'waterproof']",7
15999,Canon PowerShot G1 X Mark II Wi-Fi Digital Camera with 64GB Card + Case + Flash + Tripod + Filters + Tele/Wide Lens Kit,"['digital_zoom', 'flash', 'sensor_type', 'storage', 'optical_zoom']",7
12984,Canon PowerShot SX540 HS Wi-Fi Digital Camera with 32GB Card + Case + Flash + Battery & Charger + Tripod + Kit,"['monitor_type', 'digital_zoom', 'flash', 'sensor_type', 'sensor_size', 'total_pixels', 'nfc', 'storage', 'optical_zoom', 'wi-fi']",7
14933,M8-1.2 x 60 mm. Phillips Pan-Head Machine Screws (2-Pack),"['package_quantity', 'size', 'drive_style', 'fastener_type', 'head_style']",8
13815,#12 x 3 in. Zinc-Plated Steel Pan-Head Phillips Sheet Metal Screws (2-Pack),"['primary_use', 'fastener_thread_type', 'finish', 'fastenerconnector_material', 'size', 'indooroutdoor', 'measurement_standard', 'self_tapping', 'self_drilling', 'coated', 'head_style', 'drive_style', 'finish_family', 'fastener_type', 'package_quantity', 'fastener_plating']",8
13426,#10 x 2 in. Phillips Flat-Head Sheet Metal Screws (2 per Pack),"['primary_use', 'fastener_thread_type', 'finish', 'fastenerconnector_material', 'size', 'indooroutdoor', 'measurement_standard', 'screw_length', 'self_tapping', 'self_drilling', 'coated', 'head_style', 'drive_style', 'finish_family', 'fastener_type', 'package_quantity', 'fastener_plating']",8
18762,#8 x 1-1/2 in. Philips Pan-Head Sheet Metal Screws (2-Pack),"['primary_use', 'fastener_thread_type', 'finish', 'fastenerconnector_material', 'size', 'indooroutdoor', 'measurement_standard', 'screw_length', 'self_tapping', 'self_drilling', 'coated', 'head_style', 'drive_style', 'finish_family', 'fastener_type', 'package_quantity', 'fastener_plating']",8
17904,#8 5/8 in. Phillips Stainless Steel Oval-Head Drive Sheet Metal Screw (5-Pack),"['primary_use', 'fastener_thread_type', 'self_tapping', 'finish', 'fastenerconnector_material', 'size', 'indooroutdoor', 'measurement_standard', 'screw_length', 'fastener_type', 'coated', 'head_style', 'drive_style', 'finish_family', 'self_drilling', 'package_quantity', 'fastener_plating']",8
11929,#8-32 x 2 in. Phillips Oval-Head Machine Screws (4-Pack),"['finish', 'finish_family', 'measurement_standard', 'package_quantity', 'screw_length', 'size', 'drive_style', 'self_tapping', 'primary_use', 'head_style', 'fastenerconnector_material', 'indooroutdoor', 'coated', 'fastener_thread_type', 'self_drilling', 'fastener_type', 'fastener_plating']",8
12444,#7 1-1/4 in. Phillips-Square Flat-Head Wood Screws (75-Pack),"['fastener_head_style', 'measurement_standard', 'package_quantity', 'screw_length', 'drive_style', 'self_tapping', 'head_style', 'fastenerconnector_material', 'indooroutdoor', 'coated', 'fastener_thread_type', 'self_drilling', 'fastener_type', 'fastener_plating']",8
18323,#12 x 2 in. Stainless-Steel Oval-Head Phillips Sheet Metal screw (2-Pack),"['primary_use', 'fastener_thread_type', 'finish', 'fastenerconnector_material', 'size', 'indooroutdoor', 'measurement_standard', 'screw_length', 'self_tapping', 'self_drilling', 'coated', 'head_style', 'drive_style', 'finish_family', 'fastener_type', 'package_quantity', 'fastener_plating']",8
12472,M3-0.5 x 12 mm. Phillips Pan-Head Machine Screws (2-Pack),"['package_quantity', 'drive_style', 'fastener_type', 'head_style']",8
13442,#9 2-1/2 in. Phillips-Square Flat-Head Wood Deck Screws (1 lb.-Pack),"['self_tapping', 'fastenerconnector_material', 'size', 'indooroutdoor', 'measurement_standard', 'coated', 'screw_length', 'fastener_type', 'fastener_head_style', 'head_style', 'fastener_thread_type', 'drive_style', 'self_drilling', 'fastener_plating']",8
15955,M5-0.8 x 6 mm. Phillips-Square Flat-Head Machine Screws (3-Pack),"['package_quantity', 'drive_style', 'fastener_type', 'head_style']",8
13361,#10-32 x 1 in. Phillips-Slotted Round-Head Machine Screws (6-Pack),"['finish', 'fastener_head_style', 'finish_family', 'measurement_standard', 'package_quantity', 'screw_length', 'size', 'drive_style', 'self_tapping', 'primary_use', 'head_style', 'fastenerconnector_material', 'indooroutdoor', 'coated', 'fastener_thread_type', 'self_drilling', 'fastener_type', 'fastener_plating']",8
18142,1/4 in.-20 x 1/2 in. Phillips-Slotted Round-Head Machine Screws (2-Pack),"['finish', 'fastener_head_style', 'finish_family', 'measurement_standard', 'package_quantity', 'screw_length', 'size', 'drive_style', 'self_tapping', 'primary_use', 'head_style', 'fastenerconnector_material', 'indooroutdoor', 'coated', 'fastener_thread_type', 'self_drilling', 'fastener_type', 'fastener_plating']",8
17876,BMW 5 SERIES,"['tyre_size_rear', 'space_saver', 'wheel_style', 'alloys', 'minimum_kerbweight', 'length', 'max_towing_weight-unbraked', 'tyre_size_front', 'gross_vehicle_weight', 'fuel_tank_capacity_litres', 'width_including_mirrors', 'tyre_size_spare', 'turning_circle-kerb_to_kerb', 'luggage_capacity_seats_up', 'no_of_seats', 'max_towing_weight-braked', 'height', 'max_roof_load', 'max_loading_weight', 'wheelbase', 'width']",9
18695,BMW 4 Series,"['first_reg_date', 'vehicle_sub_type', 'colour', 'gear_type', 'year', 'doors', 'fuel_type', 'engine_size', 'category']",9
16737,BMW 6 SERIES,"['tyre_size_rear', 'space_saver', 'alloys', 'tyre_size_front', 'gross_vehicle_weight', 'tyre_size_spare', 'turning_circle-kerb_to_kerb', 'luggage_capacity_seats_up', 'no_of_seats', 'fuel_tank_capacity_litres', 'max_loading_weight', 'width']",9
11988,BMW 5 Series,"['drive_train', 'no_of_doors', 'power', 'automatic', 'seating_capacity', 'transmission', 'mileage']",9
11946,Bmw 4 series,"['doors', 'owners', 'engine_size', 'category']",9
13635,"Acer, Inc Acer S241HL 24"" LED LCD Monitor - 16:9 - 5 ms","['speakers', 'screen_mode', 'color_supported', 'brightness', 'vga', 'response_time', 'product_series', 'backlight_technology', 'hdmi', 'aspect_ratio', 'contrast_ratio', 'green_compliance_certificateauthority', 'color']",10
15832,"AOC e2425Swd 24"" LED LCD Monitor - 16:9 - 5 ms - Adjustable Display Angle - 1920 x 1080 - 16.7 Million Colors - 250 Nit - 20,000,000:1 - Full HD - DVI - VGA - 23 W - Black - ENERGY STAR","['vga', 'response_time', 'backlight_technology', '3d_type', 'speakers', 'screen_mode', 'horizontal_viewing_angle', 'brightness', 'vertical_viewing_angle', 'color_supported', 'mount_type', 'usb', 'color']",10
14228,"AOC E2351F 23"" LED LCD Monitor - 16:9 - 5 ms","['screen_mode', 'vertical_viewing_angle', 'response_time', 'aspect_ratio', 'horizontal_viewing_angle', 'backlight_technology']",10
18185,Acer CZ340CK 34 Inch LED LCD Monitor - 21:9 - 5 ms,"['color_supported', 'response_time', 'product_series', 'backlight_technology', 'aspect_ratio', 'speakers', 'brightness', 'product_type', 'hdmi', 'contrast_ratio']",10
11955,Viewsonic Graphic VG2437Smc 24' LED LCD Monitor - 16:9 - 6.90 ms Item # 135428,"['integrated_speakers', 'brightness', 'energy_star', 'platform_supported', 'backlight_technology', 'aspect_ratio', 'horizontal_viewing_angle', 'screen_mode', 'color']",10
18516,LG 34UC87M-B 34 Inch LED LCD Monitor - 21:9 - 5 ms,"['built-in_devices', 'platform_supported', 'backlight_technology', 'aspect_ratio', 'horizontal_viewing_angle', 'response_time', 'brightness', 'product_type', 'vertical_viewing_angle', 'usb', 'hdmi', 'contrast_ratio', 'speakers']",10
13173,"Acer Acer B226WL 22"" LED LCD Monitor - 16:10 - 5 ms - Adjustable Display Angle - 1680 x 1050 - 16.7 Million Colors - 250 Nit - 1","['brightness', 'product_type', 'display_type', 'response_time', 'color', 'product_series', 'contrast_ratio', 'general_warranty']",10
13277,HP HC240 24 Inch LED LCD Monitor - 16:10 - 8 ms,"['built-in_devices', 'color_supported', 'response_time', 'backlight_technology', 'aspect_ratio', 'screen_mode', 'usb', 'product_type', 'hdmi', 'contrast_ratio', 'brightness', 'energy_star']",10
17210,Acer V196WL 19in LED LCD Monitor - 16:10 - 5 ms - Adjustable Display Angle - 1440 x 900 - 16.7 Million Colors - 250 Nit - 100000000:1 - WXGA+ - Speakers - VGA - 13 W - Black - EPEAT Gol,"['speakers', 'color_supported', 'screen_mode', 'vga', 'brightness', 'product_type', 'response_time', 'product_series', 'backlight_technology', 'aspect_ratio', 'contrast_ratio', 'color']",10
17238,Viewsonic VG2847Smh 28' LED LCD Monitor - 16:9 - 6.90 ms Item # 135632,"['integrated_speakers', 'built-in_devices', 'brightness', 'energy_star', 'backlight_technology', 'aspect_ratio', 'screen_mode', 'color']",10
18214,"Samsung S24E650BW 24"" LED LCD Monitor - 16:10 - 4 ms","['widescreen', 'brightness', 'response_time', 'aspect_ratio']",10
17675,"ASUS Asus VS207D-P 19.5"" LED LCD Monitor - 16:9 - 5 ms - Adjustable Display Angle - 1600 x 900 - 16.7 Million Colors - 250 Nit -","['vertical_viewing_angle', 'response_time', 'backlight_technology', 'mount_type', 'contrast_ratio', 'horizontal_viewing_angle', 'display_type']",10
13205,"LG 34UC87M-B 34"" LED LCD Monitor - 21:9 - 5 ms","['warranty', 'built-in_devices']",10
15360,"BenQ GL2460 24"" LED LCD Monitor - 16:9 - 2 ms","['platform_supported', 'backlight_technology', 'environmental_certification', 'aspect_ratio', 'horizontal_viewing_angle', 'headphone_jack', 'integrated_speakers', 'screen_mode', 'brightness', 'energy_star']",10
11791,"Viewsonic (VG2847Smh) 28"" LED LCD Monitor","['swivel', 'energy_star_qualified']",10
17220,"Acer Acer V246HQL 23.6"" LED LCD Monitor - 16:9 - 5ms 1920 x 1080 - 16.7 Million Colors - 300 Nit - 100,000,000:1 - Full H",['color'],10
16743,Acer B246HQL 23.6' Widescreen LED Monitor,"['brightness', 'response_time', 'color_support', 'contrast_ratio', 'color']",10
13062,2015 Nissan Altima 2.5 S,"['driver_vanity_mirror', 'trim', 'model', 'illuminated_entry', 'abs_brakes', 'cd_player', 'drive', 'remote_keyless_entry', 'delay-off_headlights', 'brake_assist', 'color', 'year', 'four_wheel_independent_suspension', 'power_windows', 'doors', 'dual_front_side_impact_airbags', 'fuel', 'overhead_console', 'speed-sensing_steering', 'engine', 'transmission', 'mp3_decoder', 'outside_temperature_display', 'trip_computer', 'front_reading_lights', 'power_door_mirrors', 'type', 'speed_control', 'tachometer', 'tilt_steering_wheel']",11
12312,2016 Nissan Altima 2.5 S at Santa Maria Nissan,"['doors', 'engine', 'cylinders', 'drive_line', 'interior', 'fuel_type', 'mpg', 'transmission']",11
12245,2009 Nissan Altima 2.5(317) 300-2004,['interior'],11
16051,2014 Nissan Altima 2.5 S(844) 240-2377,"['color', 'transmission']",11
15544,2015 Nissan Altima 2.5 SV(606) 864-3555,"['rear_defogger', 'trip_computer', 'external_temperature_display']",11
15460,2012 Nissan Altima 2.5(270) 384-6426,"['engine', 'color', 'transmission']",11
12963,2007 Nissan Altima 2.5 S,"['engine_displacement', 'front_hiproom', 'number_of_valves', 'drive_type', 'rear_shoulder_room', 'front_tires', 'transmission', 'interior_cargo_volume', 'rear_tires']",11
12391,2014 Nissan Altima 2.5 S,"['drive_train', 'engine', 'interior', 'year', 'model', 'trim', 'type', 'trans', 'color']",11
18265,2012 Nissan Altima 2.5 (CVT),"['engine_displacement', 'air_pollution_score_ap', 'front_hiproom', 'turning_radius', 'compression_ratio', 'engine', 'bodystyle', 'rear_shoulder_room', 'interior_cargo_volume', 'drive_line', 'wheelbase', 'transmission', 'front_shoulder_room']",11
12199,2014 Nissan Altima,"['interior_color', 'fuel_type', 'engine', 'location', 'model', 'price', 'exterior_color']",11
15313,"Kipp M10 Cam Action Indexing Plunger, 5 mm (D), Steel, Style C (1/Pkg.), K0348.060510","['package_quantity', 'product_type', 'measurement_type']",12
15246,"Kipp 3/4""-16 Indexing Plunger with Pull Knob, Stainless Steel, Extended Locking Pin Not Hardened - Style A (1/Pkg.), K0630.211412AO","['package_quantity', 'product_type', 'measurement_type']",12
12534,"Kipp M20x1.5 (83 mm Length) Indexing Plunger without Collar, All Stainless Steel, Locking Pin Hardened - Style H (1/Pkg.), K0634.002410","['package_quantity', 'measurement_type']",12
12856,"Kipp M6x0.75 Indexing Plunger without Collar, Stainless Steel, Locking Pin Hardened - Style G (1/Pkg.), K0343.01903","['package_quantity', 'measurement_type']",12
12635,"Kipp M12x1.5 Indexing Plunger with Threaded Pin, Stainless Steel, Locking Pin Not Hardened - Style F (1/Pkg.), K0341.12206","['package_quantity', 'measurement_type']",12
13612,"Kipp M16x1.5 Cam Action Indexing Plunger, 8 mm (D), Stainless Steel, Style A (1/Pkg.), K0637.10408161","['package_quantity', 'product_type', 'measurement_type']",12
11868,Apple iPhone 6 Plus 128gb White - Verizon AT&T T-Mobile Unlocked GSM 7316628,"['camera', 'color', 'cosmetic_condition', 'contract', 'operating_system', 'model', 'original_carrier', 'carrier']",13
12731,Apple iPhone 5S 32GB Black - AT&T T-Mobile Unlocked GSM 7318162,"['camera', 'color', 'contract', 'operating_system', 'model', 'original_carrier', 'carrier']",13
13206,Apple iPhone 5S 32GB Black - AT&T T-Mobile Unlocked GSM 7315070,"['camera', 'color', 'cosmetic_condition', 'contract', 'operating_system', 'model', 'original_carrier', 'carrier']",13
17911,Apple iPhone 5S 32GB Black - Verizon AT&T T-Mobile Unlocked GSM 7315987,"['camera', 'color', 'cosmetic_condition', 'contract', 'operating_system', 'model', 'original_carrier', 'carrier']",13
13952,Apple iPhone SE 64GB Rose Gold - Verizon AT&T T-Mobile Unlocked GSM 7315020,"['color', 'cosmetic_condition', 'model', 'original_carrier', 'carrier']",13
13908,Apple iPhone 6 128gb Gold - AT&T T-Mobile Unlocked GSM 7316748,"['color', 'cosmetic_condition', 'model', 'original_carrier', 'carrier']",13
16079,Apple iPhone 5S 32GB Black - AT&T T-Mobile Unlocked GSM 7318164,"['camera', 'color', 'cosmetic_condition', 'contract', 'operating_system', 'model', 'original_carrier', 'carrier']",13
18494,Apple iPhone 6 16gb Black - AT&T T-Mobile Unlocked GSM 7315180,"['color', 'cosmetic_condition', 'model', 'original_carrier', 'carrier']",13
13195,"Generic Brand (HP 42X) Remanufactured Black, Extra High Yield (Made In USA) Toner Cartridge - Premium Compatibles (MADE IN USA)","['type', 'color']",14
16824,Generic Brand (HP 647A) Remanufactured Black Toner Cartridge - Premium Compatible,"['type', 'color']",14
17957,"Generic Brand Okidata 44574901 Remanufactured Black, Standard Yield Toner Cartridge - Premium Quality Compatibles (MADE IN USA)",['type'],14
12711,"Generic Brand (HP 640A) Remanufactured Cyan, Standard Yield (Made In USA) Toner Cartridge - Premium Compatibles (MADE IN USA)","['type', 'color']",14
17733,"Generic Brand HP CF380A Remanufactured Black, Standard Yield Toner Cartridge - Premium Quality Compatibles (MADE IN USA)",['type'],14
13262,HP Intel Xeon E5-2697 v3 Tetradeca-core (14 Core) 2.60 GHz Processor Upgrade - Socket R3 (LGA2011-3),"['product_line', 'processor_socket', 'process_technology', 'http', 'quickpath_interconnect', 'product_series']",15
17821,Lenovo Intel Xeon E5-2690 v3 Dodeca-core (12 Core) 2.60 GHz Processor Upgrade - Socket R3 (LGA2011-3),"['product_series', 'product_line', 'processor_socket', 'process_technology', 'http', 'quickpath_interconnect', 'processor_core', 'product_type']",15
11753,Lenovo Intel Xeon E5-2407 v2 Quad-core (4 Core) 2.40 GHz Processor Upgrade - Socket B2 LGA-1356 - 1 MB - 10 MB Cache - 6.4...,"['product_line', 'process_technology', 'processor_core', 'quickpath_interconnect']",15
15184,Lenovo Intel Xeon E5-2690 v2 Deca-core (10 Core) 3 GHz Processor Upgrade - Socket R LGA-2011 Item # 996679,"['product_line', 'process_technology', 'quickpath_interconnect', 'platform_supported', 'processor_socket']",15
12493,Intel Xeon E5-2603 v4 Hexa-core (6 Core) 1.70 GHz Processor - Socket R3 (LGA2011-3)OEM Pack,"['product_line', 'process_technology']",15
13288,"HP EliteBook 840 G1 14"" LCD Notebook - Intel Core i5 (4th Gen) i5-4300U Dual-core (2 Core) 1.90 GHz - 4 GB DDR3L SDRAM - 128 GB SSD - Windows 7 Professional 64-bit - 1926 x 1080 - Intel HD Graphics 4400 - Bluetooth - English (US) Keyboard - Gigabit Ethern","['processor_core', 'operating_system', 'processor_type', 'graphics_memory_technology', 'availability', 'memory_card_reader', 'hyper-threading', 'screen_mode', 'qty', 'memory_technology', 'platform', 'processor_generation', 'number_of_total_memory_slots', 'speakers', 'vga', 'total_number_of_usb_ports', 'battery_chemistry', 'microphone', 'number_of_cells', 'packaging', 'aspect_ratio', 'processor_model', 'graphics_controller_model', 'number_of_usb_30_ports', 'memory_standard', 'display_screen_type', 'bluetooth', 'ethernet_technology', 'backlight_technology']",16
13333,"HP L3Z71UT#ABA EliteBook 840 G2 14"" LED Notebook - Intel Core i5 i5-5300U Dual-core (2 Core) 2.30 GHz - Silver, Black - 8 GB RAM - DDR3L SDRAM - 500 GB HDD - Intel HD Graphics 5500 - Windows 7 Professional 64-bit - 1366 x 768 16:9 Display - Bluetooth","['processor_core', 'wireless_lan_standard', 'vpro_technology', 'graphics_memory_technology', 'optical_drive_type', 'memory_card_reader', 'hyper-threading', 'screen_mode', 'pointing_device_type', 'webcam', 'memory_technology', 'color', 'product_line', 'number_of_total_memory_slots', 'speakers', 'vga', 'total_number_of_usb_ports', 'battery_chemistry', 'touchscreen', 'microphone', 'number_of_cells', 'aspect_ratio', 'processor_model', 'hard_drive_interface', 'keyboard', 'graphics_controller_model', 'number_of_usb_30_ports', 'product_type', 'memory_standard', 'display_screen_type', 'bluetooth', 'processor_type', 'ethernet_technology', 'backlight_technology']",16
17708,"Panasonic Toughbook 53 CF-532ALBYBM 14"" LCD Notebook - Intel Core i5 (4th Gen) i5-4310U Dual-core (2 Core) 2 GHz - 4 GB DDR3L SDRAM - 500 GB HDD - Windows 8.1 Pro - 1366 x 768 - CircuLumin - Intel HD 4400 with 1.65 GB - Gigabit Ethernet - Network (RJ-45) - HDMI - 2 x USB 3.0 Ports","['processor_generation', 'total_number_of_usb_ports', 'processor_core', 'product_line', 'battery_chemistry', 'touchscreen', 'operating_system', 'processor_type', 'processor_model', 'graphics_memory_technology', 'environmental_certification', 'graphics_controller_model', 'number_of_usb_30_ports', 'product_type', 'display_screen_type', 'display_screen_technology', 'memory_technology', 'hdmi', 'ethernet_technology', 'energy_star']",16
14470,"HP Inc. Smart Buy t520 AMD GX-212JC Dual-Core SOC APU 1.20GHz Flexible Thin Client - 4GB RAM, 16GB MLC M.2 SSD, Gigabit Ethernet, 802.11a/b/g/n (G9F14AT#ABA)",['keyboard'],16
18365,"HP W5W71UT#ABA T730 - Thin Client - Tower - 1 X Rx427Bb 2.7 Ghz - Ram 8 Gb - Flash 32 Gb - Radeon Hd 9000 - Gige - Wlan: Bluetooth, 802.11A/B/G/N/Ac - Win 10 Iot Enterprise - Monitor: None - Smart Buy by HP","['number_of_usb_30_ports', 'number_of_usb_20_ports', 'memory_technology', 'network_communication', 'processor_core']",16
15204,HP ProBook 640 G2 14 Inch Notebook - Intel Core i5 (6th Gen) i5-6200U Dual-core (2 Core) 2.30 GHz - 8 GB DDR4 SDRAM - 256 GB SSD - Windows 10 Pro 64-bit - 1920 x 1080,"['processor_generation', 'processor_model', 'aspect_ratio', 'total_number_of_usb_ports', 'processor_core', 'product_line', 'operating_system', 'battery_chemistry', 'number_of_cells', 'environmental_certification', 'wireless_lan_standard', 'processor_type', 'graphics_memory_technology', 'optical_drive_type', 'graphics_controller_model', 'number_of_usb_30_ports', 'product_type', 'memory_technology', 'bluetooth', 'ethernet_technology', 'energy_star']",16
17758,"HP Inc. Smart Buy Z240 Intel Core i7-6700 Quad-Core 3.40GHz Small Form Factor Workstation - 16GB RAM, 256GB PCIe SSD + 2TB HDD, SuperMulti DVD, Gigabit Ethernet (T4N75UT#ABA)","['storage_type', 'form_factor', 'chipset', 'memory_slots', 'keyboard']",16
13365,"Hewlett Packard Enterprise ProLiant DL360 Gen9 Performance - Server - rack-mountable - 1U - 2-way - 2 x Xeon E5-2660V4 / 2 GHz - RAM 64 GB - SAS - hot-swap 2.5' - no HDD - Matrox G200 - GigE, 10 GigE - monitor: none (851937-B21)",['memory_slots'],16
17689,"HP Inc. EliteDesk 800 G2 - Mini desktop - 1 x Core i7 6700T / 2.8 GHz - RAM 8 GB - HDD 500 GB - HD Graphics 530 - GigE - WLAN: 802.11a/b/g/n/ac, Bluetooth 4.1 - Win 10 Pro 64-bit - vPro - monitor: none - Smart Buy (Y2P15UT#ABA)","['graphics', 'storage_type', 'chipset', 'memory_slots', 'form_factor', 'keyboard']",16
13874,2005 Nissan Altima 2.5 S Sedan,"['engine_displacement', 'recommended_fuel', 'engine_liters', 'front_hiproom', 'front_legroom', 'turning_radius', 'exterior_height', 'cylinder_configuration', 'exterior_color', 'rear_tires', 'rear_hiproom', 'drive_type', 'front_shoulder_room', 'engine_torque', 'suspensionhandlingfront_tires', 'fuel_tank_capacity', 'specs_and_dimensionscompression_ratio', 'front_headroom', 'number_of_valves', 'engine_location', 'transmission']",17
15611,2014 Nissan Altima 2.5 SL Sedan,"['front_seats', 'wireless_phone_connectivity', 'engine_displacement', '1st_row_lcd_monitors', 'turning_radius', 'rear_legroom', 'cylinder_configuration', 'max_seating_capacity', 'front_hiproom', 'electronic_stability', 'exterior_body_width', 'front_dual_zone_ac', 'rear_shoulder_room', 'front_legroom', 'exterior_length', 'specs_and_dimensionscompression_ratio', 'engine_location', 'rear_seats', 'recommended_fuel', 'engine_liters', 'interior_maximum_cargo_volume', 'rear_headroom', 'exterior_color', 'exterior_height', 'engine_torque', 'horsepower', 'automatic_temperature_control', 'interior_cargo_volume', 'wheelbase', 'rear_tires', 'rear_hiproom', 'engine_horsepower', 'drive_type', 'seats_and_trim', 'front_shoulder_room', 'amfm_radio', 'suspensionhandlingfront_tires', 'fuel_tank_capacity', 'number_of_valves', 'gvwr']",17
13863,2014 Nissan Altima 2.5 S Sedan,"['passenger_volume', 'engine_displacement', 'recommended_fuel', 'engine_liters', 'front_hiproom', 'front_legroom', 'rear_headroom', 'turning_radius', 'rear_legroom', 'gvwr', 'exterior_height', 'engine_torque', 'cargo', 'cylinder_configuration', 'interior_cargo_volume', 'wheelbase', 'front_headroom', 'door_mirrors', 'exterior_length', 'rear_hiproom', 'engine_horsepower', 'drive_type', 'exterior_body_width', 'rear_shoulder_room', 'interior_maximum_cargo_volume', 'rear_tires', 'suspensionhandlingfront_tires', 'fuel_tank_capacity', 'specs_and_dimensionscompression_ratio', 'number_of_valves', 'horsepower', 'engine_location', 'front_shoulder_room']",17
17320,2016 Nissan Altima 2.5 S Sedan,"['wireless_phone_connectivity', 'recommended_fuel', '1st_row_lcd_monitors', 'exterior_length', 'engine_displacement', 'front_legroom', 'rear_headroom', 'rear_legroom', 'turning_radius', 'exterior_height', 'interior_color', 'cargo', 'location', 'cylinder_configuration', 'exterior_color', 'interior_cargo_volume', 'wheelbase', 'rear_tires', 'passenger_volume', 'door_mirrors', 'rear_hiproom', 'exterior_body_width', 'engine_horsepower', 'rear_shoulder_room', 'interior_maximum_cargo_volume', 'engine_torque', 'front_tires', 'specs_and_dimensionscompression_ratio', 'front_headroom', 'gvwr', 'front_hiproom', 'front_shoulder_room']",17
17622,Pre-Owned 2014 Nissan Altima 2.5 S Sedan in Tampa FL,"['passenger_volume', 'engine_displacement', 'trim', 'front_hiproom', 'model', 'front_legroom', 'year', 'rear_headroom', 'rear_legroom', 'turning_radius', 'doors', 'exterior_height', 'interior_color', 'fuel_type', 'exterior_color', 'front_headroom', 'rear_hiproom', 'engine', 'exterior_body_width', 'interior_maximum_cargo_volume', 'engine_horsepower', 'rear_shoulder_room', 'interior_cargo_volume', 'drive_line', 'front_shoulder_room', 'engine_torque', 'wheelbase', 'exterior_length', 'specs_and_dimensionscompression_ratio', 'gvwr', 'transmission']",17
18769,WGT408131 - SATO GT408e Bar code Printer,"['product_type', 'product_series', 'serial_port']",18
17831,WM8420221 - SATO M84 Pro (2) Bar code Printer,"['product_series', 'product_type', 'form_factor']",18
13699,WWTG40121 - SATO TG 312 Bar code Printer,"['product_type', 'form_factor']",18
11895,W00609031 - SATO CL608 e Bar code Printer,"['product_series', 'product_type']",18
13879,WWCG40031 - SATO CG 208 Bar code Printer,"['product_type', 'form_factor']",18
14004,2014 Nissan Rogue Select S,"['driver_vanity_mirror', 'speed-sensing_steering', 'four_wheel_independent_suspension', 'air_conditioning', 'dual_front_side_impact_airbags', 'rear_window_defroster', 'passenger_vanity_mirror', 'power_steering', 'occupant_sensing_airbag', 'remote_keyless_entry', 'front_reading_lights', 'traction_control', 'panic_alarm', 'radio_data_system', 'low_tire_pressure_warning', 'tachometer', 'color']",19
14310,2015 Nissan Rogue S,"['torque', 'recommended_fuel', 'location', 'front_tires', 'engine_displacement', 'engine_torque', 'rear_shoulder_room', 'interior_color', 'rear_tires', 'door_mirrors', 'cargo', 'exterior_length', 'cylinder_configuration', 'gvwr', 'front_hiproom']",19
17102,2017 Nissan Rogue S,"['interior', 'engine', 'color', 'transmission', 'odometer']",19
14727,2013 Nissan Rogue,['model'],19
14390,2016 Nissan Rogue S,"['interior_color', 'fuel_type', 'model', 'year', 'phone', 'transmission', 'mileage']",19
14267,"PC HP Elite 6000 Pro Desktop, Intel Dual Core E5400, 2.70GHz, 2GB DDR3, 250GB HDD, DVD-RW","['tip_ram', 'unitate_optica']",20
12820,"HP Pavilion 510 Mini Tower Desktop , Intel Quad-Core i7-6700T Upto 3.6GHz, 32GB DDR4, 256GB SSD, Ultra Slim DVD-RW, Wifi, Bluetooth, Dual Monitor Capable, Windows 10 Professional 64Bit",['graphics'],20
12416,"Laptop Dell D620, Intel Core Duo T7400 2.16Ghz, 2GB DDR2, 10GB HDD, 14.1 inch, DVD, BATERIE NOUA","['vga', 'usb_20', 'tip_ram', 'bluetooth', 'wireless']",20
14952,"PC HP DC5800 Tower, Intel Core 2 Duo E8400, 3.0Ghz, 2Gb DDR2, 160Gb HDD, DVD-RW",['tip_ram'],20
15805,"PC HP DC5800 Desktop, Intel Core2Duo E7500, 2.93Ghz, 4Gb DDR2, 160Gb HDD, DVD-RW","['tip_ram', 'unitate_optica']",20
15668,"HP Proliant DL380 G7, 1x Intel Xeon Quad Core E5640 2.66Ghz, 32Gb DDR3 ECC, 2x 450Gb SAS, RAID P410I, 1x Surse, DVD-ROM","['unitate_optica', 'chipset']",20
15923,"Workstation Lenovo ThinkStation S20 Tower, Intel Xeon E5504 2.00Ghz, 4Gb DDR3, 150GB HDD, DVD-RW + Windows 7 Home","['tip_ram', 'unitate_optica']",20
18014,2014 Chevrolet Silverado 1500 LT,"['speed-sensing_steering', 'illuminated_entry', 'air_conditioning', 'occupant_sensing_airbag', 'remote_keyless_entry', 'driver_door_bin', '1-touch_down']",21
17542,2012 Chevrolet Silverado 1500 LT,"['remote_keyless_entry', 'power_windows', 'radio_data_system', 'illuminated_entry', 'air_conditioning', 'outside_temperature_display', 'traction_control', 'panic_alarm', '1-touch_down']",21
14577,2014 Chevrolet Silverado 1500 LTZ,['regular_unleaded'],21
18132,2013 Chevrolet Silverado 2500HD LTZ,"['wireless_phone_connectivity', 'front_legroom', 'front', 'exterior_color', 'model_code']",21
15266,2015 Chevrolet Silverado 1500 LT,"['doors', 'transmission', 'drive', 'year', 'exterior_color', 'mileage', 'fuel']",21
11853,2017 Chevrolet Silverado 1500 Custom,"['cruise_control', 'body', 'turning_circle', 'power_windows', 'wheelbase', 'transmission', 'mileage', 'length', 'width']",21
14811,"Storage Cabinet, 22 ga., 72 In. H, 24 In. D","['finish', 'number_of_doors', 'gauge', 'green_environmental_attribute', 'assembledunassembled', 'green_certification_or_other_recognition', 'number_of_shelves', 'casters_included', 'item', 'number_of_drawers', 'cabinet_color']",22
15382,"Storage Cabinet, 12 ga., 54 In. H, 48 In. W","['finish', 'assembledunassembled', 'item', 'number_of_shelves', 'casters_included', 'number_of_doors', 'number_of_drawers', 'cabinet_color', 'gauge']",22
15453,"Storage Cabinet, 12 ga., 78 In. H, 48 In. W","['finish', 'gauge', 'item', 'number_of_shelves', 'number_of_doors', 'casters_included', 'number_of_drawers', 'cabinet_color', 'assembledunassembled']",22
15642,"Storage Cabinet, 22 ga., 72 In. H, 48 In. W","['finish', 'number_of_doors', 'gauge', 'green_environmental_attribute', 'assembledunassembled', 'green_certification_or_other_recognition', 'number_of_shelves', 'casters_included', 'item', 'number_of_drawers', 'cabinet_color']",22
17269,"Storage Cabinet, 20 ga., 78 In. H, 36 In. W","['finish', 'number_of_doors', 'gauge', 'green_environmental_attribute', 'assembledunassembled', 'green_certification_or_other_recognition', 'number_of_shelves', 'casters_included', 'item', 'number_of_drawers']",22
13513,Nikon COOLPIX P530 16.1 MP CMOS Digital Camera with 42x Zoom NIKKOR Lens and Full HD 1080p Video (Black),"['hardware_connectivity', 'external_memory_included', 'expanded_iso_maximum', 'batteries', 'self-timer', 'minimum_shutter_speed', 'flash_type', 'gps', 'display_resolution_maximum', 'maximum_shutter_speed', 'battery_type', 'continuous_shooting_speed', 'display_fixture_type', 'flash_memory_type', 'digital_zoom', 'image_stabilization', 'usb_20', 'maximum_horizontal_resolution', 'expanded_iso_minimum', 'video_capture_format', 'photo_sensor_technology', 'hdmi_type', 'optical_sensor_resolution', 'optical_sensor_technology', 'viewfinder_type', 'form_factor', 'color']",23
14826,Nikon COOLPIX S9100 12.1 MP CMOS Digital Camera with 18x NIKKOR ED Wide-Angle Optical Zoom Lens and Full HD 1080p Video (Black) (OLD MODEL),['batteries'],23
13386,Nikon COOLPIX S6300 16 MP Digital Camera with 10x Zoom NIKKOR Glass Lens and Full HD 1080p Video (Red),"['hardware_connectivity', 'focus_type', 'viewfinder_type', 'expanded_iso_maximum', 'form_factor', 'self-timer', 'minimum_shutter_speed', 'flash_type', 'display', 'video_capture_format', 'continuous_shooting_speed', 'image_stabilization', 'digital_zoom', 'maximum_horizontal_resolution', 'focus_description', 'photo_sensor_technology', 'optical_sensor_resolution', 'optical_sensor_technology', 'batteries', 'gps', 'battery_type', 'model_year', 'display_fixture_type', 'weather_resistance', 'usb_20', 'external_memory_included', 'flash_memory_type', 'image_aspect_ratio', 'optical_zoom', 'display_resolution_maximum', 'color']",23
15275,Nikon Coolpix S8000 14 MP Digital Camera with 10x Optical Vibration Reduction (VR) Zoom and 3.0-Inch LCD (Silver),"['focus_type', 'external_memory_included', 'expanded_iso_maximum', 'form_factor', 'self-timer', 'photo_sensor_technology', 'color', 'flash_type', 'digital_zoom', 'video_capture_format', 'continuous_shooting_speed', 'display_fixture_type', 'usb_20', 'image_stabilization', 'maximum_horizontal_resolution', 'expanded_iso_minimum', 'focus_description', 'image_aspect_ratio', 'hdmi_type', 'optical_sensor_resolution', 'optical_sensor_technology', 'viewfinder_type', 'display_resolution_maximum', 'weather_resistance', 'optical_zoom']",23
14478,"Nikon COOLPIX L840 16.0-Megapixel Digital Camera with 76x dynamic fine zoom, 38X optical zoom VR lens (4.0-152mm) and built-in WiFi - Plum (Certified Refurbished)","['external_memory_included', 'batteries', 'viewfinder_type', 'optical_sensor_resolution', 'optical_sensor_technology', 'video_capture_resolution', 'display_fixture_type', 'color']",23
16107,Schneider Electric ZB4BZ011,['brandseries'],24
17593,Schneider Electric ZB4BW413,['brandseries'],24
18774,Schneider Electric ZB6AD07,"['mounting_style', 'factory_pack_quantity']",24
15755,Schneider Electric ZB4BS94410,['brandseries'],24
14838,Schneider Electric ZB4BT6,['brandseries'],24
17297,29.5 in. x 47.5 in. V-4500 Series Left-Hand Casement Vinyl Window with Grids - Brown,"['energy_star_qualified', 'grid_pattern', 'hardware_colorfinish_family', 'u-factor', 'interior_colorfinish_family', 'window_use_type', 'window_type', 'exterior_colorfinish_family', 'number_of_locks', 'solar_heat_gain_coefficient', 'lock_type', 'features', 'frame_material']",25
17314,29.5 in. x 47.5 in. V-4500 Series Right-Hand Casement Vinyl Window - Tan,"['energy_star_qualified', 'grid_pattern', 'hardware_colorfinish_family', 'u-factor', 'frame_material', 'interior_colorfinish_family', 'window_use_type', 'window_type', 'exterior_colorfinish_family', 'number_of_locks', 'solar_heat_gain_coefficient', 'lock_type', 'features']",25
12804,29.5 in. x 35.5 in. V-4500 Series Awning Vinyl Window with Grids - Red,"['energy_star_qualified', 'grid_pattern', 'hardware_colorfinish_family', 'u-factor', 'interior_colorfinish_family', 'window_use_type', 'window_type', 'exterior_colorfinish_family', 'number_of_locks', 'solar_heat_gain_coefficient', 'lock_type', 'features', 'frame_material']",25
15172,29.5 in. x 29.5 in. V-4500 Series Right-Hand Casement Vinyl Window with Grids - Green,"['energy_star_qualified', 'grid_pattern', 'hardware_colorfinish_family', 'u-factor', 'interior_colorfinish_family', 'window_use_type', 'window_type', 'exterior_colorfinish_family', 'number_of_locks', 'solar_heat_gain_coefficient', 'lock_type', 'frame_material']",25
17564,27.5 in. x 40.5 in. V-2500 Series Double Hung Vinyl Window with Grids - Brown,"['energy_star_qualified', 'grid_pattern', 'hardware_colorfinish_family', 'exterior_colorfinish_family', 'window_use_type', 'window_type', 'interior_colorfinish_family', 'number_of_locks', 'solar_heat_gain_coefficient', 'lock_type', 'u-factor', 'frame_material']",25
15444,29.5 in. x 29.5 in. V-4500 Series Right-Hand Casement Vinyl Window - Gray,"['energy_star_qualified', 'grid_pattern', 'hardware_colorfinish_family', 'u-factor', 'frame_material', 'interior_colorfinish_family', 'window_use_type', 'window_type', 'number_of_locks', 'solar_heat_gain_coefficient', 'lock_type', 'features']",25
11978,35.5 in. x 23.5 in. V-4500 Series Right-Hand Sliding Vinyl Window with Grids - Bronze,"['energy_star_qualified', 'grid_pattern', 'hardware_colorfinish_family', 'interior_colorfinish_family', 'window_use_type', 'window_type', 'exterior_colorfinish_family', 'number_of_locks', 'solar_heat_gain_coefficient', 'lock_type', 'u-factor', 'frame_material']",25
12605,47.5 in. x 23.5 in. V-4500 Series Awning Vinyl Window with Grids - Red,"['energy_star_qualified', 'grid_pattern', 'hardware_colorfinish_family', 'u-factor', 'interior_colorfinish_family', 'window_use_type', 'window_type', 'exterior_colorfinish_family', 'number_of_locks', 'solar_heat_gain_coefficient', 'lock_type', 'features', 'frame_material']",25
18628,HP ProLiant DL380 G9 2U Rack Server - 1 x Intel Xeon E5-2620 v3 2.40 GHz,"['product_line', 'number_of_pci_express_x16_slots', 'number_of_total_memory_slots', 'form_factor', 'total_number_of_usb_ports', 'processor_core', 'number_of_total_expansion_slots', 'processor_type', 'processor_model', 'memory_card_reader', 'hyper-threading', 'http', 'number_of_total_expansion_bays', 'number_of_usb_30_ports', 'memory_standard', 'memory_card_supported', 'memory_technology', 'number_of_external_525_bays', 'rack_height', 'number_of_processors_supported', 'quickpath_interconnect']",26
12159,Lenovo System x x3650 M5 5462J2U 2U Rack Server - 1 x Intel Xeon E5-2680 v3 2.50 GHz,"['product_line', 'number_of_pci_express_x16_slots', 'number_of_total_memory_slots', 'form_factor', 'vga', 'total_number_of_usb_ports', 'processor_core', 'number_of_total_expansion_slots', 'processor_type', 'hyper-threading', 'number_of_usb_20_ports', 'number_of_power_supplies_installed', 'http', 'number_of_total_expansion_bays', 'number_of_usb_30_ports', 'product_type', 'memory_standard', 'quickpath_interconnect', 'memory_technology', 'number_of_external_525_bays', 'rack_height', 'number_of_processors_supported']",26
15879,HP ProLiant DL580 G8 4U Rack Server - 2 x Intel Xeon E7-4890 v2 2.80 GHz,"['server_scalability', 'type', 'networking', 'height_rack_units', 'hard_drive', 'power', 'power_redundancy', 'processor_type']",26
15518,HP ProLiant DL360 G9 1U Rack Server - 2 x Intel Xeon E5-2670 v3 Dodeca-core (12 Core) 2.30 GHz,"['product_line', 'number_of_pci_express_x16_slots', 'form_factor', 'total_number_of_usb_ports', 'processor_core', 'number_of_total_expansion_slots', 'optical_drive_type', 'processor_type', 'memory_card_reader', 'hyper-threading', 'number_of_power_supplies_installed', 'http', 'number_of_usb_30_ports', 'memory_standard', 'memory_card_supported', 'memory_technology', 'rack_height', 'number_of_processors_supported', 'quickpath_interconnect']",26
15086,"HP Proliant DL360 G6, 2 x Intel Xeon SIX Core X5650- 2.66 GHz, 32Gb DDR3 ECC, 2x 450Gb SAS, Raid P410i/onboard, 2 surse",['chipset'],26
11567,HP ProLiant ML10 G8 4U Micro Tower Server - 1 x Intel Xeon E3-1220V2 3.10 GHz,"['product_line', 'form_factor', 'total_number_of_usb_ports', 'processor_core', 'number_of_total_expansion_slots', 'processor_type', 'hyper-threading', 'controller_type', 'number_of_processors_supported', 'product_type', 'memory_standard', 'memory_technology', 'rack_height', 'number_of_total_memory_slots', 'ethernet_technology']",26
17779,Lenovo 8871KCU System X X3650 M5 2u Rack Server - 1 X Intel Xeon E5-2609 V4 Octa-core (8 Core) 1.70 Ghz,"['number_of_power_supplies_installed', 'form_factor', 'graphics_controller_model', 'product_type', 'controller_type', 'processor_core', 'product_line', 'raid_levels', 'operating_system', 'rack_height', 'number_of_processors_supported', 'processor_type']",26
17405,Lenovo ThinkServer TD350 70DG0008UX Server - 1 x Intel Xeon E5-2609 v3 Hexa-core (6 Core) 1.90 GHz,"['number_of_total_memory_slots', 'total_number_of_usb_ports', 'processor_core', 'number_of_total_expansion_slots', 'controller_type', 'raid_levels', 'processor_type', 'processor_model', 'optical_drive_type', 'hyper-threading', 'number_of_power_supplies_installed', 'number_of_usb_20_ports', 'number_of_processors_supported', 'number_of_usb_30_ports', 'memory_standard', 'quickpath_interconnect', 'number_of_external_525_bays', 'memory_technology']",26
18307,Intel Server System LR1304SPCFG1 1U Rack Server - 1 x Intel Xeon E3-1230 v5 Quad-core (4 Core) 3.40 GHz - 32 GB Installed,['network_communication'],26
18579,LAND ROVER RANGE ROVER (LM) TDV8 VOGUE 2010 (2010),"['interior', 'previous_owners']",27
15625,LAND ROVER RANGE ROVER 3.0 TDV6 Vogue 4dr Auto (2014),"['technical', 'interior', 'previous_owners', 'fuel']",27
16010,Land Rover Range Rover 3.0 Td6 Vogue SE 5dr (2006),"['technical', 'interior', 'previous_owners', 'exterior']",27
17573,2013 LAND ROVER RANGE ROVER VOGUE 4.4 TDV8,"['year_register', 'locations', 'year', 'transmission', 'mileage', 'color']",27
11629,Land Rover Range Rover 4.2 V8 Supercharged Vogue SE 5dr (2005),"['interior', 'previous_owners', 'exterior']",27
13491,LAND ROVER RANGE ROVER (LM) SDV8 AUTOBIOGRAPHY 2014 (2014),"['technical', 'interior', 'previous_owners', 'fuel', 'exterior']",27
16902,Rectangular: 2 Ft x 3 Ft,"['resources', 'assembly', 'construction']",28
13914,Rectangular: 1 Ft. 9-Inch x 2 Ft. 9-Inch,"['resources', 'type', 'usage', 'construction']",28
16257,Rectangular: 2 Ft 3 In x 4 Ft 6 In,"['type', 'construction', 'backing_material']",28
16139,Rectangular: 5 Ft. 3 In. x 7 Ft. 6 In.,"['resources', 'type']",28
16674,Rectangular: 1 Ft. 6-Inch x 2 Ft. 4-Inch,"['resources', 'type', 'usage', 'construction']",28
16314,Rectangular: 2 Ft. x 3 Ft.,['type'],28
14418,2015 Toyota Rav4 le,"['city', 'engine', 'interior', 'drivetrain', 'company', 'exterior', 'doors', 'fuel_type', 'transmission']",29
17183,2014 Toyota Rav4 le,"['city', 'engine', 'interior', 'company', 'exterior', 'doors', 'fuel_type', 'transmission']",29
12581,Used 2012 Toyota RAV4,"['interior_color', 'exterior_color', 'total_seating']",29
12904,TOYOTA RAV4,"['fuel_consumption', 'engine', 'model', '0-100_kmh', 'release_date', 'fuel_type', 'transmission']",29
18023,2014 Toyota Rav4 limited,"['city', 'engine', 'interior', 'drivetrain', 'company', 'exterior', 'doors', 'fuel_type', 'transmission']",29
16769,2015 Toyota RAV4,"['views', 'engine', 'drive_type', 'exterior', 'doors', 'interior', 'status', 'transmission']",29
15962,New 2017 Nissan Sentra S,"['bumpers', 'rear_defogger', 'clock', 'traction_control', 'model_code', 'exterior', 'location', 'trans', 'power_windows', 'engine', 'interior', 'trip_computer', 'tachometer']",30
15715,2015 Nissan Sentra,"['location', 'model', 'sellerid']",30
18470,2016 Nissan Sentra,['warranty'],30
14067,2006 Nissan Sentra,['model'],30
14900,2012 Nissan Sentra,"['drive_type', 'fuel', 'doors', 'interior', 'transmission']",30
